drug_id,name,smiles,adverse_reaction,reaction_type,severity,source,pubchem_cid,stitch_flat,n_reac
DRUG_00010917,Carnitine,C[N+](C)(C)C[C@@H](CC(=O)[O-])O,Abdominal Pain,C0000737,very_common,SIDER+PubChem,10917,CID100000085,71
DRUG_00010917,Carnitine,C[N+](C)(C)C[C@@H](CC(=O)[O-])O,Gastrointestinal Pain,C0687713,very_common,SIDER+PubChem,10917,CID100000085,71
DRUG_00010917,Carnitine,C[N+](C)(C)C[C@@H](CC(=O)[O-])O,Amblyopia,C0002418,common,SIDER+PubChem,10917,CID100000085,71
DRUG_00010917,Carnitine,C[N+](C)(C)C[C@@H](CC(=O)[O-])O,Anaemia,C0002871,very_common,SIDER+PubChem,10917,CID100000085,71
DRUG_00010917,Carnitine,C[N+](C)(C)C[C@@H](CC(=O)[O-])O,Decreased Appetite,C0232462,common,SIDER+PubChem,10917,CID100000085,71
DRUG_00010917,Carnitine,C[N+](C)(C)C[C@@H](CC(=O)[O-])O,Anxiety,C0003467,common,SIDER+PubChem,10917,CID100000085,71
DRUG_00010917,Carnitine,C[N+](C)(C)C[C@@H](CC(=O)[O-])O,Arrhythmia,C0003811,common,SIDER+PubChem,10917,CID100000085,71
DRUG_00010917,Carnitine,C[N+](C)(C)C[C@@H](CC(=O)[O-])O,Asthenia,C0004093,very_common,SIDER+PubChem,10917,CID100000085,71
DRUG_00010917,Carnitine,C[N+](C)(C)C[C@@H](CC(=O)[O-])O,Atrial Fibrillation,C0004238,common,SIDER+PubChem,10917,CID100000085,71
DRUG_00010917,Carnitine,C[N+](C)(C)C[C@@H](CC(=O)[O-])O,Back Pain,C0004604,very_common,SIDER+PubChem,10917,CID100000085,71
DRUG_00010917,Carnitine,C[N+](C)(C)C[C@@H](CC(=O)[O-])O,Bronchitis,C0006277,common,SIDER+PubChem,10917,CID100000085,71
DRUG_00010917,Carnitine,C[N+](C)(C)C[C@@H](CC(=O)[O-])O,Cardiovascular Disorder,C0007222,common,SIDER+PubChem,10917,CID100000085,71
DRUG_00010917,Carnitine,C[N+](C)(C)C[C@@H](CC(=O)[O-])O,Chest Pain,C0008031,very_common,SIDER+PubChem,10917,CID100000085,71
DRUG_00010917,Carnitine,C[N+](C)(C)C[C@@H](CC(=O)[O-])O,Infection,C0009450,very_common,SIDER+PubChem,10917,CID100000085,71
DRUG_00010917,Carnitine,C[N+](C)(C)C[C@@H](CC(=O)[O-])O,Constipation,C0009806,common,SIDER+PubChem,10917,CID100000085,71
DRUG_00010917,Carnitine,C[N+](C)(C)C[C@@H](CC(=O)[O-])O,Cough,C0010200,very_common,SIDER+PubChem,10917,CID100000085,71
DRUG_00010917,Carnitine,C[N+](C)(C)C[C@@H](CC(=O)[O-])O,Depression,C0011570,common,SIDER+PubChem,10917,CID100000085,71
DRUG_00010917,Carnitine,C[N+](C)(C)C[C@@H](CC(=O)[O-])O,Diarrhoea,C0011991,very_common,SIDER+PubChem,10917,CID100000085,71
DRUG_00010917,Carnitine,C[N+](C)(C)C[C@@H](CC(=O)[O-])O,Dizziness,C0012833,very_common,SIDER+PubChem,10917,CID100000085,71
DRUG_00010917,Carnitine,C[N+](C)(C)C[C@@H](CC(=O)[O-])O,Dysgeusia,C0013378,common,SIDER+PubChem,10917,CID100000085,71
DRUG_00010917,Carnitine,C[N+](C)(C)C[C@@H](CC(=O)[O-])O,Dyspepsia,C0013395,very_common,SIDER+PubChem,10917,CID100000085,71
DRUG_00010917,Carnitine,C[N+](C)(C)C[C@@H](CC(=O)[O-])O,Dyspnoea,C0013404,very_common,SIDER+PubChem,10917,CID100000085,71
DRUG_00010917,Carnitine,C[N+](C)(C)C[C@@H](CC(=O)[O-])O,Rash,C0015230,common,SIDER+PubChem,10917,CID100000085,71
DRUG_00010917,Carnitine,C[N+](C)(C)C[C@@H](CC(=O)[O-])O,Dermatitis,C0011603,common,SIDER+PubChem,10917,CID100000085,71
DRUG_00010917,Carnitine,C[N+](C)(C)C[C@@H](CC(=O)[O-])O,Eye Disorder,C0015397,common,SIDER+PubChem,10917,CID100000085,71
DRUG_00010917,Carnitine,C[N+](C)(C)C[C@@H](CC(=O)[O-])O,Body Temperature Increased,C0015967,very_common,SIDER+PubChem,10917,CID100000085,71
DRUG_00010917,Carnitine,C[N+](C)(C)C[C@@H](CC(=O)[O-])O,Gastritis,C0017152,unknown,SIDER+PubChem,10917,CID100000085,71
DRUG_00010917,Carnitine,C[N+](C)(C)C[C@@H](CC(=O)[O-])O,Gastrointestinal Disorder,C0017178,common,SIDER+PubChem,10917,CID100000085,71
DRUG_00010917,Carnitine,C[N+](C)(C)C[C@@H](CC(=O)[O-])O,Headache,C0018681,very_common,SIDER+PubChem,10917,CID100000085,71
DRUG_00010917,Carnitine,C[N+](C)(C)C[C@@H](CC(=O)[O-])O,Haemorrhage,C0019080,common,SIDER+PubChem,10917,CID100000085,71
DRUG_00010917,Carnitine,C[N+](C)(C)C[C@@H](CC(=O)[O-])O,Haemoglobin,C0518015,common,SIDER+PubChem,10917,CID100000085,71
DRUG_00010917,Carnitine,C[N+](C)(C)C[C@@H](CC(=O)[O-])O,Hypercalcaemia,C0020437,very_common,SIDER+PubChem,10917,CID100000085,71
DRUG_00010917,Carnitine,C[N+](C)(C)C[C@@H](CC(=O)[O-])O,Hyperkalaemia,C0020461,common,SIDER+PubChem,10917,CID100000085,71
DRUG_00010917,Carnitine,C[N+](C)(C)C[C@@H](CC(=O)[O-])O,Hypersensitivity,C0020517,common,SIDER+PubChem,10917,CID100000085,71
DRUG_00010917,Carnitine,C[N+](C)(C)C[C@@H](CC(=O)[O-])O,Hypertension,C0020538,very_common,SIDER+PubChem,10917,CID100000085,71
DRUG_00010917,Carnitine,C[N+](C)(C)C[C@@H](CC(=O)[O-])O,Hypotension,C0020649,very_common,SIDER+PubChem,10917,CID100000085,71
DRUG_00010917,Carnitine,C[N+](C)(C)C[C@@H](CC(=O)[O-])O,Influenza,C0021400,very_common,SIDER+PubChem,10917,CID100000085,71
DRUG_00010917,Carnitine,C[N+](C)(C)C[C@@H](CC(=O)[O-])O,Muscle Spasms,C0037763,very_common,SIDER+PubChem,10917,CID100000085,71
DRUG_00010917,Carnitine,C[N+](C)(C)C[C@@H](CC(=O)[O-])O,Melaena,C0025222,common,SIDER+PubChem,10917,CID100000085,71
DRUG_00010917,Carnitine,C[N+](C)(C)C[C@@H](CC(=O)[O-])O,Hypertonia,C0026826,common,SIDER+PubChem,10917,CID100000085,71
DRUG_00010917,Carnitine,C[N+](C)(C)C[C@@H](CC(=O)[O-])O,Nausea,C0027497,very_common,SIDER+PubChem,10917,CID100000085,71
DRUG_00010917,Carnitine,C[N+](C)(C)C[C@@H](CC(=O)[O-])O,Pain,C0030193,very_common,SIDER+PubChem,10917,CID100000085,71
DRUG_00010917,Carnitine,C[N+](C)(C)C[C@@H](CC(=O)[O-])O,Palpitations,C0030252,common,SIDER+PubChem,10917,CID100000085,71
DRUG_00010917,Carnitine,C[N+](C)(C)C[C@@H](CC(=O)[O-])O,Parathyroid Disorder,C0030517,common,SIDER+PubChem,10917,CID100000085,71
DRUG_00010917,Carnitine,C[N+](C)(C)C[C@@H](CC(=O)[O-])O,Paraesthesia,C0030554,very_common,SIDER+PubChem,10917,CID100000085,71
DRUG_00010917,Carnitine,C[N+](C)(C)C[C@@H](CC(=O)[O-])O,Pharyngitis,C0031350,very_common,SIDER+PubChem,10917,CID100000085,71
DRUG_00010917,Carnitine,C[N+](C)(C)C[C@@H](CC(=O)[O-])O,Pruritus,C0033774,very_common,SIDER+PubChem,10917,CID100000085,71
DRUG_00010917,Carnitine,C[N+](C)(C)C[C@@H](CC(=O)[O-])O,Renal Failure,C0035078,common,SIDER+PubChem,10917,CID100000085,71
DRUG_00010917,Carnitine,C[N+](C)(C)C[C@@H](CC(=O)[O-])O,Rhinitis,C0035455,very_common,SIDER+PubChem,10917,CID100000085,71
DRUG_00010917,Carnitine,C[N+](C)(C)C[C@@H](CC(=O)[O-])O,Convulsion,C0036572,unknown,SIDER+PubChem,10917,CID100000085,71
DRUG_00010917,Carnitine,C[N+](C)(C)C[C@@H](CC(=O)[O-])O,Sinusitis,C0037199,common,SIDER+PubChem,10917,CID100000085,71
DRUG_00010917,Carnitine,C[N+](C)(C)C[C@@H](CC(=O)[O-])O,Tachycardia,C0039231,common,SIDER+PubChem,10917,CID100000085,71
DRUG_00010917,Carnitine,C[N+](C)(C)C[C@@H](CC(=O)[O-])O,Urinary Tract Infection,C0042029,common,SIDER+PubChem,10917,CID100000085,71
DRUG_00010917,Carnitine,C[N+](C)(C)C[C@@H](CC(=O)[O-])O,Angiopathy,C0042373,common,SIDER+PubChem,10917,CID100000085,71
DRUG_00010917,Carnitine,C[N+](C)(C)C[C@@H](CC(=O)[O-])O,Vertigo,C0042571,common,SIDER+PubChem,10917,CID100000085,71
DRUG_00010917,Carnitine,C[N+](C)(C)C[C@@H](CC(=O)[O-])O,Vomiting,C0042963,very_common,SIDER+PubChem,10917,CID100000085,71
DRUG_00010917,Carnitine,C[N+](C)(C)C[C@@H](CC(=O)[O-])O,Weight Increased,C0043094,common,SIDER+PubChem,10917,CID100000085,71
DRUG_00010917,Carnitine,C[N+](C)(C)C[C@@H](CC(=O)[O-])O,Weight Decreased,C0043096,common,SIDER+PubChem,10917,CID100000085,71
DRUG_00010917,Carnitine,C[N+](C)(C)C[C@@H](CC(=O)[O-])O,Skin Odour Abnormal,C0234930,unknown,SIDER+PubChem,10917,CID100000085,71
DRUG_00010917,Carnitine,C[N+](C)(C)C[C@@H](CC(=O)[O-])O,Oedema Peripheral,C0085649,common,SIDER+PubChem,10917,CID100000085,71
DRUG_00010917,Carnitine,C[N+](C)(C)C[C@@H](CC(=O)[O-])O,Injection Site Reaction,C0151735,very_common,SIDER+PubChem,10917,CID100000085,71
DRUG_00010917,Carnitine,C[N+](C)(C)C[C@@H](CC(=O)[O-])O,Injury,C3263723,very_common,SIDER+PubChem,10917,CID100000085,71
DRUG_00010917,Carnitine,C[N+](C)(C)C[C@@H](CC(=O)[O-])O,Impaired Gastric Emptying,C0522063,common,SIDER+PubChem,10917,CID100000085,71
DRUG_00010917,Carnitine,C[N+](C)(C)C[C@@H](CC(=O)[O-])O,Gastric Atony,C0152020,common,SIDER+PubChem,10917,CID100000085,71
DRUG_00010917,Carnitine,C[N+](C)(C)C[C@@H](CC(=O)[O-])O,Myalgia,C0231528,common,SIDER+PubChem,10917,CID100000085,71
DRUG_00010917,Carnitine,C[N+](C)(C)C[C@@H](CC(=O)[O-])O,Musculoskeletal Discomfort,C0948594,common,SIDER+PubChem,10917,CID100000085,71
DRUG_00010917,Carnitine,C[N+](C)(C)C[C@@H](CC(=O)[O-])O,Electrocardiogram Abnormal,C0522055,common,SIDER+PubChem,10917,CID100000085,71
DRUG_00010917,Carnitine,C[N+](C)(C)C[C@@H](CC(=O)[O-])O,Fluid Overload,C0546817,very_common,SIDER+PubChem,10917,CID100000085,71
DRUG_00010917,Carnitine,C[N+](C)(C)C[C@@H](CC(=O)[O-])O,Insomnia,C0917801,common,SIDER+PubChem,10917,CID100000085,71
DRUG_00010917,Carnitine,C[N+](C)(C)C[C@@H](CC(=O)[O-])O,Muscular Weakness,C0151786,unknown,SIDER+PubChem,10917,CID100000085,71
DRUG_00010917,Carnitine,C[N+](C)(C)C[C@@H](CC(=O)[O-])O,Drug Dependence,C1510472,common,SIDER+PubChem,10917,CID100000085,71
DRUG_00000119,Gamma-Aminobutyric,C(CC(=O)O)CN,Anaphylactic Shock,C0002792,unknown,SIDER+PubChem,119,CID100000119,5
DRUG_00000119,Gamma-Aminobutyric,C(CC(=O)O)CN,Angioedema,C0002994,unknown,SIDER+PubChem,119,CID100000119,5
DRUG_00000119,Gamma-Aminobutyric,C(CC(=O)O)CN,Pain,C0030193,unknown,SIDER+PubChem,119,CID100000119,5
DRUG_00000119,Gamma-Aminobutyric,C(CC(=O)O)CN,Urticaria,C0042109,unknown,SIDER+PubChem,119,CID100000119,5
DRUG_00000119,Gamma-Aminobutyric,C(CC(=O)O)CN,Injection Site Pain,C0151828,unknown,SIDER+PubChem,119,CID100000119,5
DRUG_00000137,5-Aminolevulinic,C(CC(=O)O)C(=O)CN,Anaemia,C0002871,unknown,SIDER+PubChem,137,CID100000137,81
DRUG_00000137,5-Aminolevulinic,C(CC(=O)O)C(=O)CN,Aphasia,C0003537,unknown,SIDER+PubChem,137,CID100000137,81
DRUG_00000137,5-Aminolevulinic,C(CC(=O)O)C(=O)CN,Mental Disorder,C0004936,unknown,SIDER+PubChem,137,CID100000137,81
DRUG_00000137,5-Aminolevulinic,C(CC(=O)O)C(=O)CN,Brain Neoplasm,C0006118,unknown,SIDER+PubChem,137,CID100000137,81
DRUG_00000137,5-Aminolevulinic,C(CC(=O)O)C(=O)CN,Infection,C0009450,unknown,SIDER+PubChem,137,CID100000137,81
DRUG_00000137,5-Aminolevulinic,C(CC(=O)O)C(=O)CN,Diarrhoea,C0011991,unknown,SIDER+PubChem,137,CID100000137,81
DRUG_00000137,5-Aminolevulinic,C(CC(=O)O)C(=O)CN,Oedema,C0013604,common,SIDER+PubChem,137,CID100000137,81
DRUG_00000137,5-Aminolevulinic,C(CC(=O)O)C(=O)CN,Rash,C0015230,unknown,SIDER+PubChem,137,CID100000137,81
DRUG_00000137,5-Aminolevulinic,C(CC(=O)O)C(=O)CN,Dermatitis,C0011603,unknown,SIDER+PubChem,137,CID100000137,81
DRUG_00000137,5-Aminolevulinic,C(CC(=O)O)C(=O)CN,Excoriation,C0015256,common,SIDER+PubChem,137,CID100000137,81
DRUG_00000137,5-Aminolevulinic,C(CC(=O)O)C(=O)CN,Eye Disorder,C0015397,unknown,SIDER+PubChem,137,CID100000137,81
DRUG_00000137,5-Aminolevulinic,C(CC(=O)O)C(=O)CN,Body Temperature Increased,C0015967,unknown,SIDER+PubChem,137,CID100000137,81
DRUG_00000137,5-Aminolevulinic,C(CC(=O)O)C(=O)CN,Gastrointestinal Disorder,C0017178,unknown,SIDER+PubChem,137,CID100000137,81
DRUG_00000137,5-Aminolevulinic,C(CC(=O)O)C(=O)CN,Glioma,C0017638,unknown,SIDER+PubChem,137,CID100000137,81
DRUG_00000137,5-Aminolevulinic,C(CC(=O)O)C(=O)CN,Headache,C0018681,unknown,SIDER+PubChem,137,CID100000137,81
DRUG_00000137,5-Aminolevulinic,C(CC(=O)O)C(=O)CN,Cardiac Disorder,C0018799,unknown,SIDER+PubChem,137,CID100000137,81
DRUG_00000137,5-Aminolevulinic,C(CC(=O)O)C(=O)CN,Hemianopia,C0018979,unknown,SIDER+PubChem,137,CID100000137,81
DRUG_00000137,5-Aminolevulinic,C(CC(=O)O)C(=O)CN,Hemiparesis,C0018989,unknown,SIDER+PubChem,137,CID100000137,81
DRUG_00000137,5-Aminolevulinic,C(CC(=O)O)C(=O)CN,Haemorrhage,C0019080,common,SIDER+PubChem,137,CID100000137,81
DRUG_00000137,5-Aminolevulinic,C(CC(=O)O)C(=O)CN,Haemoglobin,C0518015,common,SIDER+PubChem,137,CID100000137,81
DRUG_00000137,5-Aminolevulinic,C(CC(=O)O)C(=O)CN,Herpes Simplex,C0019348,unknown,SIDER+PubChem,137,CID100000137,81
DRUG_00000137,5-Aminolevulinic,C(CC(=O)O)C(=O)CN,Hyperaesthesia,C0020453,unknown,SIDER+PubChem,137,CID100000137,81
DRUG_00000137,5-Aminolevulinic,C(CC(=O)O)C(=O)CN,Hyperpathia,C0020429,unknown,SIDER+PubChem,137,CID100000137,81
DRUG_00000137,5-Aminolevulinic,C(CC(=O)O)C(=O)CN,Hypoaesthesia,C0020580,unknown,SIDER+PubChem,137,CID100000137,81
DRUG_00000137,5-Aminolevulinic,C(CC(=O)O)C(=O)CN,Hypotension,C0020649,unknown,SIDER+PubChem,137,CID100000137,81
DRUG_00000137,5-Aminolevulinic,C(CC(=O)O)C(=O)CN,Leukocytosis,C0023518,unknown,SIDER+PubChem,137,CID100000137,81
DRUG_00000137,5-Aminolevulinic,C(CC(=O)O)C(=O)CN,Nausea,C0027497,unknown,SIDER+PubChem,137,CID100000137,81
DRUG_00000137,5-Aminolevulinic,C(CC(=O)O)C(=O)CN,Neoplasm,C0027651,unknown,SIDER+PubChem,137,CID100000137,81
DRUG_00000137,5-Aminolevulinic,C(CC(=O)O)C(=O)CN,Nervous System Disorder,C0027765,unknown,SIDER+PubChem,137,CID100000137,81
DRUG_00000137,5-Aminolevulinic,C(CC(=O)O)C(=O)CN,Nervousness,C0027769,unknown,SIDER+PubChem,137,CID100000137,81
DRUG_00000137,5-Aminolevulinic,C(CC(=O)O)C(=O)CN,Tension,C0233494,unknown,SIDER+PubChem,137,CID100000137,81
DRUG_00000137,5-Aminolevulinic,C(CC(=O)O)C(=O)CN,Pain,C0030193,common,SIDER+PubChem,137,CID100000137,81
DRUG_00000137,5-Aminolevulinic,C(CC(=O)O)C(=O)CN,Paraesthesia,C0030554,unknown,SIDER+PubChem,137,CID100000137,81
DRUG_00000137,5-Aminolevulinic,C(CC(=O)O)C(=O)CN,Petechiae,C0031256,unknown,SIDER+PubChem,137,CID100000137,81
DRUG_00000137,5-Aminolevulinic,C(CC(=O)O)C(=O)CN,Pruritus,C0033774,very_common,SIDER+PubChem,137,CID100000137,81
DRUG_00000137,5-Aminolevulinic,C(CC(=O)O)C(=O)CN,Respiratory Failure,C1145670,unknown,SIDER+PubChem,137,CID100000137,81
DRUG_00000137,5-Aminolevulinic,C(CC(=O)O)C(=O)CN,Seborrhoeic Dermatitis,C0036508,unknown,SIDER+PubChem,137,CID100000137,81
DRUG_00000137,5-Aminolevulinic,C(CC(=O)O)C(=O)CN,Convulsion,C0036572,unknown,SIDER+PubChem,137,CID100000137,81
DRUG_00000137,5-Aminolevulinic,C(CC(=O)O)C(=O)CN,Skin Disorder,C0037274,very_common,SIDER+PubChem,137,CID100000137,81
DRUG_00000137,5-Aminolevulinic,C(CC(=O)O)C(=O)CN,Sunburn,C0038814,unknown,SIDER+PubChem,137,CID100000137,81
DRUG_00000137,5-Aminolevulinic,C(CC(=O)O)C(=O)CN,Photosensitivity Reaction,C0162830,unknown,SIDER+PubChem,137,CID100000137,81
DRUG_00000137,5-Aminolevulinic,C(CC(=O)O)C(=O)CN,Thrombocytopenia,C0040034,unknown,SIDER+PubChem,137,CID100000137,81
DRUG_00000137,5-Aminolevulinic,C(CC(=O)O)C(=O)CN,Embolism,C0013922,unknown,SIDER+PubChem,137,CID100000137,81
DRUG_00000137,5-Aminolevulinic,C(CC(=O)O)C(=O)CN,Embolism Venous,C0340726,unknown,SIDER+PubChem,137,CID100000137,81
DRUG_00000137,5-Aminolevulinic,C(CC(=O)O)C(=O)CN,Ulcer,C0041582,common,SIDER+PubChem,137,CID100000137,81
DRUG_00000137,5-Aminolevulinic,C(CC(=O)O)C(=O)CN,Erythema,C0041834,unknown,SIDER+PubChem,137,CID100000137,81
DRUG_00000137,5-Aminolevulinic,C(CC(=O)O)C(=O)CN,Angiopathy,C0042373,unknown,SIDER+PubChem,137,CID100000137,81
DRUG_00000137,5-Aminolevulinic,C(CC(=O)O)C(=O)CN,Vomiting,C0042963,unknown,SIDER+PubChem,137,CID100000137,81
DRUG_00000137,5-Aminolevulinic,C(CC(=O)O)C(=O)CN,Chills,C0085593,unknown,SIDER+PubChem,137,CID100000137,81
DRUG_00000137,5-Aminolevulinic,C(CC(=O)O)C(=O)CN,Rash Pustular,C0085641,common,SIDER+PubChem,137,CID100000137,81
DRUG_00000137,5-Aminolevulinic,C(CC(=O)O)C(=O)CN,Application Site Reaction,C0151505,unknown,SIDER+PubChem,137,CID100000137,81
DRUG_00000137,5-Aminolevulinic,C(CC(=O)O)C(=O)CN,Gamma-Glutamyltransferase Increased,C0151662,common,SIDER+PubChem,137,CID100000137,81
DRUG_00000137,5-Aminolevulinic,C(CC(=O)O)C(=O)CN,Skin Hypertrophy,C0151717,unknown,SIDER+PubChem,137,CID100000137,81
DRUG_00000137,5-Aminolevulinic,C(CC(=O)O)C(=O)CN,Aspartate Aminotransferase Increased,C0151904,common,SIDER+PubChem,137,CID100000137,81
DRUG_00000137,5-Aminolevulinic,C(CC(=O)O)C(=O)CN,Alanine Aminotransferase Increased,C0151905,common,SIDER+PubChem,137,CID100000137,81
DRUG_00000137,5-Aminolevulinic,C(CC(=O)O)C(=O)CN,Dry Skin,C0151908,unknown,SIDER+PubChem,137,CID100000137,81
DRUG_00000137,5-Aminolevulinic,C(CC(=O)O)C(=O)CN,Eyelid Oedema,C0162285,unknown,SIDER+PubChem,137,CID100000137,81
DRUG_00000137,5-Aminolevulinic,C(CC(=O)O)C(=O)CN,Skin Hyperpigmentation,C0162834,very_common,SIDER+PubChem,137,CID100000137,81
DRUG_00000137,5-Aminolevulinic,C(CC(=O)O)C(=O)CN,Leukoderma,C0162835,unknown,SIDER+PubChem,137,CID100000137,81
DRUG_00000137,5-Aminolevulinic,C(CC(=O)O)C(=O)CN,Scab,C0205204,very_common,SIDER+PubChem,137,CID100000137,81
DRUG_00000137,5-Aminolevulinic,C(CC(=O)O)C(=O)CN,Urticaria,C0042109,common,SIDER+PubChem,137,CID100000137,81
DRUG_00000137,5-Aminolevulinic,C(CC(=O)O)C(=O)CN,Discomfort,C0234215,unknown,SIDER+PubChem,137,CID100000137,81
DRUG_00000137,5-Aminolevulinic,C(CC(=O)O)C(=O)CN,Tenderness,C0234233,common,SIDER+PubChem,137,CID100000137,81
DRUG_00000137,5-Aminolevulinic,C(CC(=O)O)C(=O)CN,Skin Exfoliation,C0237849,unknown,SIDER+PubChem,137,CID100000137,81
DRUG_00000137,5-Aminolevulinic,C(CC(=O)O)C(=O)CN,Skin Tightness,C0241166,unknown,SIDER+PubChem,137,CID100000137,81
DRUG_00000137,5-Aminolevulinic,C(CC(=O)O)C(=O)CN,Hepatobiliary Disease,C0267792,unknown,SIDER+PubChem,137,CID100000137,81
DRUG_00000137,5-Aminolevulinic,C(CC(=O)O)C(=O)CN,Blood Bilirubin Increased,C0311468,common,SIDER+PubChem,137,CID100000137,81
DRUG_00000137,5-Aminolevulinic,C(CC(=O)O)C(=O)CN,Induration,C0332534,unknown,SIDER+PubChem,137,CID100000137,81
DRUG_00000137,5-Aminolevulinic,C(CC(=O)O)C(=O)CN,Feeling Hot,C2939147,unknown,SIDER+PubChem,137,CID100000137,81
DRUG_00000137,5-Aminolevulinic,C(CC(=O)O)C(=O)CN,Dysaesthesia,C0392699,common,SIDER+PubChem,137,CID100000137,81
DRUG_00000137,5-Aminolevulinic,C(CC(=O)O)C(=O)CN,Wound Secretion,C0406834,unknown,SIDER+PubChem,137,CID100000137,81
DRUG_00000137,5-Aminolevulinic,C(CC(=O)O)C(=O)CN,Rash Maculo-Papular,C0423791,unknown,SIDER+PubChem,137,CID100000137,81
DRUG_00000137,5-Aminolevulinic,C(CC(=O)O)C(=O)CN,Application Site Irritation,C0521490,unknown,SIDER+PubChem,137,CID100000137,81
DRUG_00000137,5-Aminolevulinic,C(CC(=O)O)C(=O)CN,Skin Cancer,C0007114,unknown,SIDER+PubChem,137,CID100000137,81
DRUG_00000137,5-Aminolevulinic,C(CC(=O)O)C(=O)CN,Acne,C0702166,unknown,SIDER+PubChem,137,CID100000137,81
DRUG_00000137,5-Aminolevulinic,C(CC(=O)O)C(=O)CN,Infestation,C1384353,unknown,SIDER+PubChem,137,CID100000137,81
DRUG_00000137,5-Aminolevulinic,C(CC(=O)O)C(=O)CN,Amylase Increased,C0151479,common,SIDER+PubChem,137,CID100000137,81
DRUG_00000137,5-Aminolevulinic,C(CC(=O)O)C(=O)CN,Accidental Exposure To Product,C3544060,unknown,SIDER+PubChem,137,CID100000137,81
DRUG_00000137,5-Aminolevulinic,C(CC(=O)O)C(=O)CN,Hyperkeratosis,C0870082,unknown,SIDER+PubChem,137,CID100000137,81
DRUG_00000137,5-Aminolevulinic,C(CC(=O)O)C(=O)CN,Photodermatosis,C0920193,unknown,SIDER+PubChem,137,CID100000137,81
DRUG_00000137,5-Aminolevulinic,C(CC(=O)O)C(=O)CN,Brain Oedema,C1527311,unknown,SIDER+PubChem,137,CID100000137,81
DRUG_00000143,Leucovorin,C1C(N(C2=C(N1)NC(=NC2=O)N)C=O)CNC3=CC=C(C=C3)C(=O)NC(CCC(=O)O)C(=O)O,Alopecia,C0002170,very_common,SIDER+PubChem,143,CID100000143,32
DRUG_00000143,Leucovorin,C1C(N(C2=C(N1)NC(=NC2=O)N)C=O)CNC3=CC=C(C=C3)C(=O)NC(CCC(=O)O)C(=O)O,Decreased Appetite,C0232462,very_common,SIDER+PubChem,143,CID100000143,32
DRUG_00000143,Leucovorin,C1C(N(C2=C(N1)NC(=NC2=O)N)C=O)CNC3=CC=C(C=C3)C(=O)NC(CCC(=O)O)C(=O)O,Infection,C0009450,common,SIDER+PubChem,143,CID100000143,32
DRUG_00000143,Leucovorin,C1C(N(C2=C(N1)NC(=NC2=O)N)C=O)CNC3=CC=C(C=C3)C(=O)NC(CCC(=O)O)C(=O)O,Constipation,C0009806,common,SIDER+PubChem,143,CID100000143,32
DRUG_00000143,Leucovorin,C1C(N(C2=C(N1)NC(=NC2=O)N)C=O)CNC3=CC=C(C=C3)C(=O)NC(CCC(=O)O)C(=O)O,Dermatitis,C0011603,very_common,SIDER+PubChem,143,CID100000143,32
DRUG_00000143,Leucovorin,C1C(N(C2=C(N1)NC(=NC2=O)N)C=O)CNC3=CC=C(C=C3)C(=O)NC(CCC(=O)O)C(=O)O,Diarrhoea,C0011991,very_common,SIDER+PubChem,143,CID100000143,32
DRUG_00000143,Leucovorin,C1C(N(C2=C(N1)NC(=NC2=O)N)C=O)CNC3=CC=C(C=C3)C(=O)NC(CCC(=O)O)C(=O)O,Rash,C0015230,postmarketing,SIDER+PubChem,143,CID100000143,32
DRUG_00000143,Leucovorin,C1C(N(C2=C(N1)NC(=NC2=O)N)C=O)CNC3=CC=C(C=C3)C(=O)NC(CCC(=O)O)C(=O)O,Extravasation,C0015376,unknown,SIDER+PubChem,143,CID100000143,32
DRUG_00000143,Leucovorin,C1C(N(C2=C(N1)NC(=NC2=O)N)C=O)CNC3=CC=C(C=C3)C(=O)NC(CCC(=O)O)C(=O)O,Fatigue,C0015672,very_common,SIDER+PubChem,143,CID100000143,32
DRUG_00000143,Leucovorin,C1C(N(C2=C(N1)NC(=NC2=O)N)C=O)CNC3=CC=C(C=C3)C(=O)NC(CCC(=O)O)C(=O)O,Asthenia,C0004093,very_common,SIDER+PubChem,143,CID100000143,32
DRUG_00000143,Leucovorin,C1C(N(C2=C(N1)NC(=NC2=O)N)C=O)CNC3=CC=C(C=C3)C(=O)NC(CCC(=O)O)C(=O)O,Hypersensitivity,C0020517,postmarketing,SIDER+PubChem,143,CID100000143,32
DRUG_00000143,Leucovorin,C1C(N(C2=C(N1)NC(=NC2=O)N)C=O)CNC3=CC=C(C=C3)C(=O)NC(CCC(=O)O)C(=O)O,Lethargy,C0023380,very_common,SIDER+PubChem,143,CID100000143,32
DRUG_00000143,Leucovorin,C1C(N(C2=C(N1)NC(=NC2=O)N)C=O)CNC3=CC=C(C=C3)C(=O)NC(CCC(=O)O)C(=O)O,Leukopenia,C0023530,very_common,SIDER+PubChem,143,CID100000143,32
DRUG_00000143,Leucovorin,C1C(N(C2=C(N1)NC(=NC2=O)N)C=O)CNC3=CC=C(C=C3)C(=O)NC(CCC(=O)O)C(=O)O,Nausea,C0027497,very_common,SIDER+PubChem,143,CID100000143,32
DRUG_00000143,Leucovorin,C1C(N(C2=C(N1)NC(=NC2=O)N)C=O)CNC3=CC=C(C=C3)C(=O)NC(CCC(=O)O)C(=O)O,Pruritus,C0033774,postmarketing,SIDER+PubChem,143,CID100000143,32
DRUG_00000143,Leucovorin,C1C(N(C2=C(N1)NC(=NC2=O)N)C=O)CNC3=CC=C(C=C3)C(=O)NC(CCC(=O)O)C(=O)O,Convulsion,C0036572,common,SIDER+PubChem,143,CID100000143,32
DRUG_00000143,Leucovorin,C1C(N(C2=C(N1)NC(=NC2=O)N)C=O)CNC3=CC=C(C=C3)C(=O)NC(CCC(=O)O)C(=O)O,Stomatitis,C0038362,very_common,SIDER+PubChem,143,CID100000143,32
DRUG_00000143,Leucovorin,C1C(N(C2=C(N1)NC(=NC2=O)N)C=O)CNC3=CC=C(C=C3)C(=O)NC(CCC(=O)O)C(=O)O,Thrombocytopenia,C0040034,very_common,SIDER+PubChem,143,CID100000143,32
DRUG_00000143,Leucovorin,C1C(N(C2=C(N1)NC(=NC2=O)N)C=O)CNC3=CC=C(C=C3)C(=O)NC(CCC(=O)O)C(=O)O,Erythema,C0041834,unknown,SIDER+PubChem,143,CID100000143,32
DRUG_00000143,Leucovorin,C1C(N(C2=C(N1)NC(=NC2=O)N)C=O)CNC3=CC=C(C=C3)C(=O)NC(CCC(=O)O)C(=O)O,Urticaria,C0042109,unknown,SIDER+PubChem,143,CID100000143,32
DRUG_00000143,Leucovorin,C1C(N(C2=C(N1)NC(=NC2=O)N)C=O)CNC3=CC=C(C=C3)C(=O)NC(CCC(=O)O)C(=O)O,Vomiting,C0042963,very_common,SIDER+PubChem,143,CID100000143,32
DRUG_00000143,Leucovorin,C1C(N(C2=C(N1)NC(=NC2=O)N)C=O)CNC3=CC=C(C=C3)C(=O)NC(CCC(=O)O)C(=O)O,Wheezing,C0043144,unknown,SIDER+PubChem,143,CID100000143,32
DRUG_00000143,Leucovorin,C1C(N(C2=C(N1)NC(=NC2=O)N)C=O)CNC3=CC=C(C=C3)C(=O)NC(CCC(=O)O)C(=O)O,Malaise,C0231218,very_common,SIDER+PubChem,143,CID100000143,32
DRUG_00000143,Leucovorin,C1C(N(C2=C(N1)NC(=NC2=O)N)C=O)CNC3=CC=C(C=C3)C(=O)NC(CCC(=O)O)C(=O)O,Discomfort,C0234215,very_common,SIDER+PubChem,143,CID100000143,32
DRUG_00000143,Leucovorin,C1C(N(C2=C(N1)NC(=NC2=O)N)C=O)CNC3=CC=C(C=C3)C(=O)NC(CCC(=O)O)C(=O)O,Feeling Abnormal,C1443060,very_common,SIDER+PubChem,143,CID100000143,32
DRUG_00000143,Leucovorin,C1C(N(C2=C(N1)NC(=NC2=O)N)C=O)CNC3=CC=C(C=C3)C(=O)NC(CCC(=O)O)C(=O)O,Ill-Defined Disorder,C2047937,very_common,SIDER+PubChem,143,CID100000143,32
DRUG_00000143,Leucovorin,C1C(N(C2=C(N1)NC(=NC2=O)N)C=O)CNC3=CC=C(C=C3)C(=O)NC(CCC(=O)O)C(=O)O,Anaphylactic Shock,C0002792,unknown,SIDER+PubChem,143,CID100000143,32
DRUG_00000143,Leucovorin,C1C(N(C2=C(N1)NC(=NC2=O)N)C=O)CNC3=CC=C(C=C3)C(=O)NC(CCC(=O)O)C(=O)O,Anaphylactoid Reaction,C0340865,unknown,SIDER+PubChem,143,CID100000143,32
DRUG_00000143,Leucovorin,C1C(N(C2=C(N1)NC(=NC2=O)N)C=O)CNC3=CC=C(C=C3)C(=O)NC(CCC(=O)O)C(=O)O,Blood Creatinine Increased,C0235431,unknown,SIDER+PubChem,143,CID100000143,32
DRUG_00000143,Leucovorin,C1C(N(C2=C(N1)NC(=NC2=O)N)C=O)CNC3=CC=C(C=C3)C(=O)NC(CCC(=O)O)C(=O)O,Febrile Neutropenia,C0746883,unknown,SIDER+PubChem,143,CID100000143,32
DRUG_00000143,Leucovorin,C1C(N(C2=C(N1)NC(=NC2=O)N)C=O)CNC3=CC=C(C=C3)C(=O)NC(CCC(=O)O)C(=O)O,Sensitisation,C1325847,common,SIDER+PubChem,143,CID100000143,32
DRUG_00000143,Leucovorin,C1C(N(C2=C(N1)NC(=NC2=O)N)C=O)CNC3=CC=C(C=C3)C(=O)NC(CCC(=O)O)C(=O)O,Renal Failure Acute,C0022660,unknown,SIDER+PubChem,143,CID100000143,32
DRUG_00006006,Leucovorin,C1C(N(C2=C(N1)NC(=NC2=O)N)C=O)CNC3=CC=C(C=C3)C(=O)N[C@@H](CCC(=O)O)C(=O)O,Alopecia,C0002170,very_common,SIDER+PubChem,6006,CID100000143,29
DRUG_00006006,Leucovorin,C1C(N(C2=C(N1)NC(=NC2=O)N)C=O)CNC3=CC=C(C=C3)C(=O)N[C@@H](CCC(=O)O)C(=O)O,Decreased Appetite,C0232462,very_common,SIDER+PubChem,6006,CID100000143,29
DRUG_00006006,Leucovorin,C1C(N(C2=C(N1)NC(=NC2=O)N)C=O)CNC3=CC=C(C=C3)C(=O)N[C@@H](CCC(=O)O)C(=O)O,Infection,C0009450,common,SIDER+PubChem,6006,CID100000143,29
DRUG_00006006,Leucovorin,C1C(N(C2=C(N1)NC(=NC2=O)N)C=O)CNC3=CC=C(C=C3)C(=O)N[C@@H](CCC(=O)O)C(=O)O,Constipation,C0009806,common,SIDER+PubChem,6006,CID100000143,29
DRUG_00006006,Leucovorin,C1C(N(C2=C(N1)NC(=NC2=O)N)C=O)CNC3=CC=C(C=C3)C(=O)N[C@@H](CCC(=O)O)C(=O)O,Dermatitis,C0011603,very_common,SIDER+PubChem,6006,CID100000143,29
DRUG_00006006,Leucovorin,C1C(N(C2=C(N1)NC(=NC2=O)N)C=O)CNC3=CC=C(C=C3)C(=O)N[C@@H](CCC(=O)O)C(=O)O,Diarrhoea,C0011991,very_common,SIDER+PubChem,6006,CID100000143,29
DRUG_00006006,Leucovorin,C1C(N(C2=C(N1)NC(=NC2=O)N)C=O)CNC3=CC=C(C=C3)C(=O)N[C@@H](CCC(=O)O)C(=O)O,Fatigue,C0015672,very_common,SIDER+PubChem,6006,CID100000143,29
DRUG_00006006,Leucovorin,C1C(N(C2=C(N1)NC(=NC2=O)N)C=O)CNC3=CC=C(C=C3)C(=O)N[C@@H](CCC(=O)O)C(=O)O,Asthenia,C0004093,very_common,SIDER+PubChem,6006,CID100000143,29
DRUG_00006006,Leucovorin,C1C(N(C2=C(N1)NC(=NC2=O)N)C=O)CNC3=CC=C(C=C3)C(=O)N[C@@H](CCC(=O)O)C(=O)O,Body Temperature Increased,C0015967,unknown,SIDER+PubChem,6006,CID100000143,29
DRUG_00006006,Leucovorin,C1C(N(C2=C(N1)NC(=NC2=O)N)C=O)CNC3=CC=C(C=C3)C(=O)N[C@@H](CCC(=O)O)C(=O)O,Hypersensitivity,C0020517,postmarketing,SIDER+PubChem,6006,CID100000143,29
DRUG_00006006,Leucovorin,C1C(N(C2=C(N1)NC(=NC2=O)N)C=O)CNC3=CC=C(C=C3)C(=O)N[C@@H](CCC(=O)O)C(=O)O,Lethargy,C0023380,very_common,SIDER+PubChem,6006,CID100000143,29
DRUG_00006006,Leucovorin,C1C(N(C2=C(N1)NC(=NC2=O)N)C=O)CNC3=CC=C(C=C3)C(=O)N[C@@H](CCC(=O)O)C(=O)O,Leukopenia,C0023530,very_common,SIDER+PubChem,6006,CID100000143,29
DRUG_00006006,Leucovorin,C1C(N(C2=C(N1)NC(=NC2=O)N)C=O)CNC3=CC=C(C=C3)C(=O)N[C@@H](CCC(=O)O)C(=O)O,Nausea,C0027497,very_common,SIDER+PubChem,6006,CID100000143,29
DRUG_00006006,Leucovorin,C1C(N(C2=C(N1)NC(=NC2=O)N)C=O)CNC3=CC=C(C=C3)C(=O)N[C@@H](CCC(=O)O)C(=O)O,Convulsion,C0036572,common,SIDER+PubChem,6006,CID100000143,29
DRUG_00006006,Leucovorin,C1C(N(C2=C(N1)NC(=NC2=O)N)C=O)CNC3=CC=C(C=C3)C(=O)N[C@@H](CCC(=O)O)C(=O)O,Stomatitis,C0038362,very_common,SIDER+PubChem,6006,CID100000143,29
DRUG_00006006,Leucovorin,C1C(N(C2=C(N1)NC(=NC2=O)N)C=O)CNC3=CC=C(C=C3)C(=O)N[C@@H](CCC(=O)O)C(=O)O,Dizziness,C0012833,unknown,SIDER+PubChem,6006,CID100000143,29
DRUG_00006006,Leucovorin,C1C(N(C2=C(N1)NC(=NC2=O)N)C=O)CNC3=CC=C(C=C3)C(=O)N[C@@H](CCC(=O)O)C(=O)O,Loss Of Consciousness,C0041657,unknown,SIDER+PubChem,6006,CID100000143,29
DRUG_00006006,Leucovorin,C1C(N(C2=C(N1)NC(=NC2=O)N)C=O)CNC3=CC=C(C=C3)C(=O)N[C@@H](CCC(=O)O)C(=O)O,Shock,C0036974,unknown,SIDER+PubChem,6006,CID100000143,29
DRUG_00006006,Leucovorin,C1C(N(C2=C(N1)NC(=NC2=O)N)C=O)CNC3=CC=C(C=C3)C(=O)N[C@@H](CCC(=O)O)C(=O)O,Syncope,C0039070,unknown,SIDER+PubChem,6006,CID100000143,29
DRUG_00006006,Leucovorin,C1C(N(C2=C(N1)NC(=NC2=O)N)C=O)CNC3=CC=C(C=C3)C(=O)N[C@@H](CCC(=O)O)C(=O)O,Thrombocytopenia,C0040034,very_common,SIDER+PubChem,6006,CID100000143,29
DRUG_00006006,Leucovorin,C1C(N(C2=C(N1)NC(=NC2=O)N)C=O)CNC3=CC=C(C=C3)C(=O)N[C@@H](CCC(=O)O)C(=O)O,Urticaria,C0042109,unknown,SIDER+PubChem,6006,CID100000143,29
DRUG_00006006,Leucovorin,C1C(N(C2=C(N1)NC(=NC2=O)N)C=O)CNC3=CC=C(C=C3)C(=O)N[C@@H](CCC(=O)O)C(=O)O,Vomiting,C0042963,very_common,SIDER+PubChem,6006,CID100000143,29
DRUG_00006006,Leucovorin,C1C(N(C2=C(N1)NC(=NC2=O)N)C=O)CNC3=CC=C(C=C3)C(=O)N[C@@H](CCC(=O)O)C(=O)O,Malaise,C0231218,very_common,SIDER+PubChem,6006,CID100000143,29
DRUG_00006006,Leucovorin,C1C(N(C2=C(N1)NC(=NC2=O)N)C=O)CNC3=CC=C(C=C3)C(=O)N[C@@H](CCC(=O)O)C(=O)O,Discomfort,C0234215,very_common,SIDER+PubChem,6006,CID100000143,29
DRUG_00006006,Leucovorin,C1C(N(C2=C(N1)NC(=NC2=O)N)C=O)CNC3=CC=C(C=C3)C(=O)N[C@@H](CCC(=O)O)C(=O)O,Feeling Abnormal,C1443060,very_common,SIDER+PubChem,6006,CID100000143,29
DRUG_00006006,Leucovorin,C1C(N(C2=C(N1)NC(=NC2=O)N)C=O)CNC3=CC=C(C=C3)C(=O)N[C@@H](CCC(=O)O)C(=O)O,Ill-Defined Disorder,C2047937,very_common,SIDER+PubChem,6006,CID100000143,29
DRUG_00006006,Leucovorin,C1C(N(C2=C(N1)NC(=NC2=O)N)C=O)CNC3=CC=C(C=C3)C(=O)N[C@@H](CCC(=O)O)C(=O)O,Anaphylactic Shock,C0002792,unknown,SIDER+PubChem,6006,CID100000143,29
DRUG_00006006,Leucovorin,C1C(N(C2=C(N1)NC(=NC2=O)N)C=O)CNC3=CC=C(C=C3)C(=O)N[C@@H](CCC(=O)O)C(=O)O,Anaphylactoid Reaction,C0340865,unknown,SIDER+PubChem,6006,CID100000143,29
DRUG_00006006,Leucovorin,C1C(N(C2=C(N1)NC(=NC2=O)N)C=O)CNC3=CC=C(C=C3)C(=O)N[C@@H](CCC(=O)O)C(=O)O,Sensitisation,C1325847,common,SIDER+PubChem,6006,CID100000143,29
DRUG_00149436,Leucovorin,C1[C@@H](N(C2=C(N1)NC(=NC2=O)N)C=O)CNC3=CC=C(C=C3)C(=O)N[C@@H](CCC(=O)O)C(=O)O,Gastrointestinal Pain,C0687713,unknown,SIDER+PubChem,149436,CID100000143,34
DRUG_00149436,Leucovorin,C1[C@@H](N(C2=C(N1)NC(=NC2=O)N)C=O)CNC3=CC=C(C=C3)C(=O)N[C@@H](CCC(=O)O)C(=O)O,Abdominal Pain,C0000737,unknown,SIDER+PubChem,149436,CID100000143,34
DRUG_00149436,Leucovorin,C1[C@@H](N(C2=C(N1)NC(=NC2=O)N)C=O)CNC3=CC=C(C=C3)C(=O)N[C@@H](CCC(=O)O)C(=O)O,Alopecia,C0002170,very_common,SIDER+PubChem,149436,CID100000143,34
DRUG_00149436,Leucovorin,C1[C@@H](N(C2=C(N1)NC(=NC2=O)N)C=O)CNC3=CC=C(C=C3)C(=O)N[C@@H](CCC(=O)O)C(=O)O,Decreased Appetite,C0232462,very_common,SIDER+PubChem,149436,CID100000143,34
DRUG_00149436,Leucovorin,C1[C@@H](N(C2=C(N1)NC(=NC2=O)N)C=O)CNC3=CC=C(C=C3)C(=O)N[C@@H](CCC(=O)O)C(=O)O,Asthenia,C0004093,very_common,SIDER+PubChem,149436,CID100000143,34
DRUG_00149436,Leucovorin,C1[C@@H](N(C2=C(N1)NC(=NC2=O)N)C=O)CNC3=CC=C(C=C3)C(=O)N[C@@H](CCC(=O)O)C(=O)O,Confusional State,C0009676,unknown,SIDER+PubChem,149436,CID100000143,34
DRUG_00149436,Leucovorin,C1[C@@H](N(C2=C(N1)NC(=NC2=O)N)C=O)CNC3=CC=C(C=C3)C(=O)N[C@@H](CCC(=O)O)C(=O)O,Feeling Abnormal,C1443060,very_common,SIDER+PubChem,149436,CID100000143,34
DRUG_00149436,Leucovorin,C1[C@@H](N(C2=C(N1)NC(=NC2=O)N)C=O)CNC3=CC=C(C=C3)C(=O)N[C@@H](CCC(=O)O)C(=O)O,Dermatitis,C0011603,very_common,SIDER+PubChem,149436,CID100000143,34
DRUG_00149436,Leucovorin,C1[C@@H](N(C2=C(N1)NC(=NC2=O)N)C=O)CNC3=CC=C(C=C3)C(=O)N[C@@H](CCC(=O)O)C(=O)O,Diarrhoea,C0011991,very_common,SIDER+PubChem,149436,CID100000143,34
DRUG_00149436,Leucovorin,C1[C@@H](N(C2=C(N1)NC(=NC2=O)N)C=O)CNC3=CC=C(C=C3)C(=O)N[C@@H](CCC(=O)O)C(=O)O,Dysgeusia,C0013378,unknown,SIDER+PubChem,149436,CID100000143,34
DRUG_00149436,Leucovorin,C1[C@@H](N(C2=C(N1)NC(=NC2=O)N)C=O)CNC3=CC=C(C=C3)C(=O)N[C@@H](CCC(=O)O)C(=O)O,Dyspepsia,C0013395,unknown,SIDER+PubChem,149436,CID100000143,34
DRUG_00149436,Leucovorin,C1[C@@H](N(C2=C(N1)NC(=NC2=O)N)C=O)CNC3=CC=C(C=C3)C(=O)N[C@@H](CCC(=O)O)C(=O)O,Dyspnoea,C0013404,postmarketing,SIDER+PubChem,149436,CID100000143,34
DRUG_00149436,Leucovorin,C1[C@@H](N(C2=C(N1)NC(=NC2=O)N)C=O)CNC3=CC=C(C=C3)C(=O)N[C@@H](CCC(=O)O)C(=O)O,Rash,C0015230,postmarketing,SIDER+PubChem,149436,CID100000143,34
DRUG_00149436,Leucovorin,C1[C@@H](N(C2=C(N1)NC(=NC2=O)N)C=O)CNC3=CC=C(C=C3)C(=O)N[C@@H](CCC(=O)O)C(=O)O,Fatigue,C0015672,very_common,SIDER+PubChem,149436,CID100000143,34
DRUG_00149436,Leucovorin,C1[C@@H](N(C2=C(N1)NC(=NC2=O)N)C=O)CNC3=CC=C(C=C3)C(=O)N[C@@H](CCC(=O)O)C(=O)O,Gastrointestinal Disorder,C0017178,unknown,SIDER+PubChem,149436,CID100000143,34
DRUG_00149436,Leucovorin,C1[C@@H](N(C2=C(N1)NC(=NC2=O)N)C=O)CNC3=CC=C(C=C3)C(=O)N[C@@H](CCC(=O)O)C(=O)O,Hypersensitivity,C0020517,postmarketing,SIDER+PubChem,149436,CID100000143,34
DRUG_00149436,Leucovorin,C1[C@@H](N(C2=C(N1)NC(=NC2=O)N)C=O)CNC3=CC=C(C=C3)C(=O)N[C@@H](CCC(=O)O)C(=O)O,Leukopenia,C0023530,very_common,SIDER+PubChem,149436,CID100000143,34
DRUG_00149436,Leucovorin,C1[C@@H](N(C2=C(N1)NC(=NC2=O)N)C=O)CNC3=CC=C(C=C3)C(=O)N[C@@H](CCC(=O)O)C(=O)O,Nausea,C0027497,very_common,SIDER+PubChem,149436,CID100000143,34
DRUG_00149436,Leucovorin,C1[C@@H](N(C2=C(N1)NC(=NC2=O)N)C=O)CNC3=CC=C(C=C3)C(=O)N[C@@H](CCC(=O)O)C(=O)O,Pruritus,C0033774,postmarketing,SIDER+PubChem,149436,CID100000143,34
DRUG_00149436,Leucovorin,C1[C@@H](N(C2=C(N1)NC(=NC2=O)N)C=O)CNC3=CC=C(C=C3)C(=O)N[C@@H](CCC(=O)O)C(=O)O,Skin Disorder,C0037274,unknown,SIDER+PubChem,149436,CID100000143,34
DRUG_00149436,Leucovorin,C1[C@@H](N(C2=C(N1)NC(=NC2=O)N)C=O)CNC3=CC=C(C=C3)C(=O)N[C@@H](CCC(=O)O)C(=O)O,Stomatitis,C0038362,very_common,SIDER+PubChem,149436,CID100000143,34
DRUG_00149436,Leucovorin,C1[C@@H](N(C2=C(N1)NC(=NC2=O)N)C=O)CNC3=CC=C(C=C3)C(=O)N[C@@H](CCC(=O)O)C(=O)O,Thrombocytopenia,C0040034,very_common,SIDER+PubChem,149436,CID100000143,34
DRUG_00149436,Leucovorin,C1[C@@H](N(C2=C(N1)NC(=NC2=O)N)C=O)CNC3=CC=C(C=C3)C(=O)N[C@@H](CCC(=O)O)C(=O)O,Vomiting,C0042963,very_common,SIDER+PubChem,149436,CID100000143,34
DRUG_00149436,Leucovorin,C1[C@@H](N(C2=C(N1)NC(=NC2=O)N)C=O)CNC3=CC=C(C=C3)C(=O)N[C@@H](CCC(=O)O)C(=O)O,Renal Impairment,C1565489,unknown,SIDER+PubChem,149436,CID100000143,34
DRUG_00149436,Leucovorin,C1[C@@H](N(C2=C(N1)NC(=NC2=O)N)C=O)CNC3=CC=C(C=C3)C(=O)N[C@@H](CCC(=O)O)C(=O)O,Malaise,C0231218,very_common,SIDER+PubChem,149436,CID100000143,34
DRUG_00149436,Leucovorin,C1[C@@H](N(C2=C(N1)NC(=NC2=O)N)C=O)CNC3=CC=C(C=C3)C(=O)N[C@@H](CCC(=O)O)C(=O)O,Discomfort,C0234215,very_common,SIDER+PubChem,149436,CID100000143,34
DRUG_00149436,Leucovorin,C1[C@@H](N(C2=C(N1)NC(=NC2=O)N)C=O)CNC3=CC=C(C=C3)C(=O)N[C@@H](CCC(=O)O)C(=O)O,Ill-Defined Disorder,C2047937,very_common,SIDER+PubChem,149436,CID100000143,34
DRUG_00149436,Leucovorin,C1[C@@H](N(C2=C(N1)NC(=NC2=O)N)C=O)CNC3=CC=C(C=C3)C(=O)N[C@@H](CCC(=O)O)C(=O)O,Abdominal Pain Upper,C0232492,unknown,SIDER+PubChem,149436,CID100000143,34
DRUG_00149436,Leucovorin,C1[C@@H](N(C2=C(N1)NC(=NC2=O)N)C=O)CNC3=CC=C(C=C3)C(=O)N[C@@H](CCC(=O)O)C(=O)O,Abdominal Pain Lower,C0232495,unknown,SIDER+PubChem,149436,CID100000143,34
DRUG_00149436,Leucovorin,C1[C@@H](N(C2=C(N1)NC(=NC2=O)N)C=O)CNC3=CC=C(C=C3)C(=O)N[C@@H](CCC(=O)O)C(=O)O,Abdominal Tenderness,C0232498,unknown,SIDER+PubChem,149436,CID100000143,34
DRUG_00149436,Leucovorin,C1[C@@H](N(C2=C(N1)NC(=NC2=O)N)C=O)CNC3=CC=C(C=C3)C(=O)N[C@@H](CCC(=O)O)C(=O)O,Disease Progression,C0242656,unknown,SIDER+PubChem,149436,CID100000143,34
DRUG_00149436,Leucovorin,C1[C@@H](N(C2=C(N1)NC(=NC2=O)N)C=O)CNC3=CC=C(C=C3)C(=O)N[C@@H](CCC(=O)O)C(=O)O,Caecitis,C0267537,unknown,SIDER+PubChem,149436,CID100000143,34
DRUG_00149436,Leucovorin,C1[C@@H](N(C2=C(N1)NC(=NC2=O)N)C=O)CNC3=CC=C(C=C3)C(=O)N[C@@H](CCC(=O)O)C(=O)O,Chills,C0085593,postmarketing,SIDER+PubChem,149436,CID100000143,34
DRUG_00149436,Leucovorin,C1[C@@H](N(C2=C(N1)NC(=NC2=O)N)C=O)CNC3=CC=C(C=C3)C(=O)N[C@@H](CCC(=O)O)C(=O)O,Neuropathy Peripheral,C0031117,unknown,SIDER+PubChem,149436,CID100000143,34
DRUG_00444412,5-Methyltetrahydrofolate,CN1[C@H](CNC2=C1C(=O)N=C(N2)N)CNC3=CC=C(C=C3)C(=O)N[C@@H](CCC(=O)O)C(=O)O,Sensitisation,C1325847,unknown,SIDER+PubChem,444412,CID100000146,1
DRUG_05280360,PGE2,CCCCC[C@@H](/C=C/[C@H]1[C@@H](CC(=O)[C@@H]1C/C=C\CCCC(=O)O)O)O,Gastrointestinal Pain,C0687713,unknown,SIDER+PubChem,5280360,CID100000158,84
DRUG_05280360,PGE2,CCCCC[C@@H](/C=C/[C@H]1[C@@H](CC(=O)[C@@H]1C/C=C\CCCC(=O)O)O)O,Abdominal Pain,C0000737,unknown,SIDER+PubChem,5280360,CID100000158,84
DRUG_05280360,PGE2,CCCCC[C@@H](/C=C/[C@H]1[C@@H](CC(=O)[C@@H]1C/C=C\CCCC(=O)O)O)O,Premature Separation Of Placenta,C0000832,unknown,SIDER+PubChem,5280360,CID100000158,84
DRUG_05280360,PGE2,CCCCC[C@@H](/C=C/[C@H]1[C@@H](CC(=O)[C@@H]1C/C=C\CCCC(=O)O)O)O,Anaphylactic Shock,C0002792,unknown,SIDER+PubChem,5280360,CID100000158,84
DRUG_05280360,PGE2,CCCCC[C@@H](/C=C/[C@H]1[C@@H](CC(=O)[C@@H]1C/C=C\CCCC(=O)O)O)O,Arrhythmia,C0003811,unknown,SIDER+PubChem,5280360,CID100000158,84
DRUG_05280360,PGE2,CCCCC[C@@H](/C=C/[C@H]1[C@@H](CC(=O)[C@@H]1C/C=C\CCCC(=O)O)O)O,Arthralgia,C0003862,unknown,SIDER+PubChem,5280360,CID100000158,84
DRUG_05280360,PGE2,CCCCC[C@@H](/C=C/[C@H]1[C@@H](CC(=O)[C@@H]1C/C=C\CCCC(=O)O)O)O,Musculoskeletal Discomfort,C0948594,unknown,SIDER+PubChem,5280360,CID100000158,84
DRUG_05280360,PGE2,CCCCC[C@@H](/C=C/[C@H]1[C@@H](CC(=O)[C@@H]1C/C=C\CCCC(=O)O)O)O,Asthenia,C0004093,unknown,SIDER+PubChem,5280360,CID100000158,84
DRUG_05280360,PGE2,CCCCC[C@@H](/C=C/[C@H]1[C@@H](CC(=O)[C@@H]1C/C=C\CCCC(=O)O)O)O,Asthma,C0004096,unknown,SIDER+PubChem,5280360,CID100000158,84
DRUG_05280360,PGE2,CCCCC[C@@H](/C=C/[C@H]1[C@@H](CC(=O)[C@@H]1C/C=C\CCCC(=O)O)O)O,Back Pain,C0004604,unknown,SIDER+PubChem,5280360,CID100000158,84
DRUG_05280360,PGE2,CCCCC[C@@H](/C=C/[C@H]1[C@@H](CC(=O)[C@@H]1C/C=C\CCCC(=O)O)O)O,Bronchospasm,C0006266,unknown,SIDER+PubChem,5280360,CID100000158,84
DRUG_05280360,PGE2,CCCCC[C@@H](/C=C/[C@H]1[C@@H](CC(=O)[C@@H]1C/C=C\CCCC(=O)O)O)O,Chest Pain,C0008031,unknown,SIDER+PubChem,5280360,CID100000158,84
DRUG_05280360,PGE2,CCCCC[C@@H](/C=C/[C@H]1[C@@H](CC(=O)[C@@H]1C/C=C\CCCC(=O)O)O)O,Cough,C0010200,unknown,SIDER+PubChem,5280360,CID100000158,84
DRUG_05280360,PGE2,CCCCC[C@@H](/C=C/[C@H]1[C@@H](CC(=O)[C@@H]1C/C=C\CCCC(=O)O)O)O,Dehydration,C0011175,unknown,SIDER+PubChem,5280360,CID100000158,84
DRUG_05280360,PGE2,CCCCC[C@@H](/C=C/[C@H]1[C@@H](CC(=O)[C@@H]1C/C=C\CCCC(=O)O)O)O,Diarrhoea,C0011991,unknown,SIDER+PubChem,5280360,CID100000158,84
DRUG_05280360,PGE2,CCCCC[C@@H](/C=C/[C@H]1[C@@H](CC(=O)[C@@H]1C/C=C\CCCC(=O)O)O)O,Disseminated Intravascular Coagulation,C0012739,postmarketing,SIDER+PubChem,5280360,CID100000158,84
DRUG_05280360,PGE2,CCCCC[C@@H](/C=C/[C@H]1[C@@H](CC(=O)[C@@H]1C/C=C\CCCC(=O)O)O)O,Dizziness,C0012833,unknown,SIDER+PubChem,5280360,CID100000158,84
DRUG_05280360,PGE2,CCCCC[C@@H](/C=C/[C@H]1[C@@H](CC(=O)[C@@H]1C/C=C\CCCC(=O)O)O)O,Dyspnoea,C0013404,unknown,SIDER+PubChem,5280360,CID100000158,84
DRUG_05280360,PGE2,CCCCC[C@@H](/C=C/[C@H]1[C@@H](CC(=O)[C@@H]1C/C=C\CCCC(=O)O)O)O,Anaphylactoid Syndrome Of Pregnancy,C1868769,postmarketing,SIDER+PubChem,5280360,CID100000158,84
DRUG_05280360,PGE2,CCCCC[C@@H](/C=C/[C@H]1[C@@H](CC(=O)[C@@H]1C/C=C\CCCC(=O)O)O)O,Endometritis,C0014179,unknown,SIDER+PubChem,5280360,CID100000158,84
DRUG_05280360,PGE2,CCCCC[C@@H](/C=C/[C@H]1[C@@H](CC(=O)[C@@H]1C/C=C\CCCC(=O)O)O)O,Rash,C0015230,unknown,SIDER+PubChem,5280360,CID100000158,84
DRUG_05280360,PGE2,CCCCC[C@@H](/C=C/[C@H]1[C@@H](CC(=O)[C@@H]1C/C=C\CCCC(=O)O)O)O,Dermatitis,C0011603,unknown,SIDER+PubChem,5280360,CID100000158,84
DRUG_05280360,PGE2,CCCCC[C@@H](/C=C/[C@H]1[C@@H](CC(=O)[C@@H]1C/C=C\CCCC(=O)O)O)O,Foetal Distress Syndrome,C0015930,very_common,SIDER+PubChem,5280360,CID100000158,84
DRUG_05280360,PGE2,CCCCC[C@@H](/C=C/[C@H]1[C@@H](CC(=O)[C@@H]1C/C=C\CCCC(=O)O)O)O,Body Temperature Increased,C0015967,unknown,SIDER+PubChem,5280360,CID100000158,84
DRUG_05280360,PGE2,CCCCC[C@@H](/C=C/[C@H]1[C@@H](CC(=O)[C@@H]1C/C=C\CCCC(=O)O)O)O,Flushing,C0016382,unknown,SIDER+PubChem,5280360,CID100000158,84
DRUG_05280360,PGE2,CCCCC[C@@H](/C=C/[C@H]1[C@@H](CC(=O)[C@@H]1C/C=C\CCCC(=O)O)O)O,Headache,C0018681,unknown,SIDER+PubChem,5280360,CID100000158,84
DRUG_05280360,PGE2,CCCCC[C@@H](/C=C/[C@H]1[C@@H](CC(=O)[C@@H]1C/C=C\CCCC(=O)O)O)O,Cardiac Arrest,C0018790,unknown,SIDER+PubChem,5280360,CID100000158,84
DRUG_05280360,PGE2,CCCCC[C@@H](/C=C/[C@H]1[C@@H](CC(=O)[C@@H]1C/C=C\CCCC(=O)O)O)O,Foetal Heart Rate,C0018811,very_common,SIDER+PubChem,5280360,CID100000158,84
DRUG_05280360,PGE2,CCCCC[C@@H](/C=C/[C@H]1[C@@H](CC(=O)[C@@H]1C/C=C\CCCC(=O)O)O)O,Hiccups,C0019521,unknown,SIDER+PubChem,5280360,CID100000158,84
DRUG_05280360,PGE2,CCCCC[C@@H](/C=C/[C@H]1[C@@H](CC(=O)[C@@H]1C/C=C\CCCC(=O)O)O)O,Hypersensitivity,C0020517,postmarketing,SIDER+PubChem,5280360,CID100000158,84
DRUG_05280360,PGE2,CCCCC[C@@H](/C=C/[C@H]1[C@@H](CC(=O)[C@@H]1C/C=C\CCCC(=O)O)O)O,Hypertension,C0020538,unknown,SIDER+PubChem,5280360,CID100000158,84
DRUG_05280360,PGE2,CCCCC[C@@H](/C=C/[C@H]1[C@@H](CC(=O)[C@@H]1C/C=C\CCCC(=O)O)O)O,Hypotension,C0020649,postmarketing,SIDER+PubChem,5280360,CID100000158,84
DRUG_05280360,PGE2,CCCCC[C@@H](/C=C/[C@H]1[C@@H](CC(=O)[C@@H]1C/C=C\CCCC(=O)O)O)O,Immune System Disorder,C0021053,postmarketing,SIDER+PubChem,5280360,CID100000158,84
DRUG_05280360,PGE2,CCCCC[C@@H](/C=C/[C@H]1[C@@H](CC(=O)[C@@H]1C/C=C\CCCC(=O)O)O)O,Inflammation,C0021368,unknown,SIDER+PubChem,5280360,CID100000158,84
DRUG_05280360,PGE2,CCCCC[C@@H](/C=C/[C@H]1[C@@H](CC(=O)[C@@H]1C/C=C\CCCC(=O)O)O)O,Laryngitis,C0023067,unknown,SIDER+PubChem,5280360,CID100000158,84
DRUG_05280360,PGE2,CCCCC[C@@H](/C=C/[C@H]1[C@@H](CC(=O)[C@@H]1C/C=C\CCCC(=O)O)O)O,Muscle Spasms,C0037763,unknown,SIDER+PubChem,5280360,CID100000158,84
DRUG_05280360,PGE2,CCCCC[C@@H](/C=C/[C@H]1[C@@H](CC(=O)[C@@H]1C/C=C\CCCC(=O)O)O)O,Hypertonia,C0026826,unknown,SIDER+PubChem,5280360,CID100000158,84
DRUG_05280360,PGE2,CCCCC[C@@H](/C=C/[C@H]1[C@@H](CC(=O)[C@@H]1C/C=C\CCCC(=O)O)O)O,Myocardial Infarction,C0027051,unknown,SIDER+PubChem,5280360,CID100000158,84
DRUG_05280360,PGE2,CCCCC[C@@H](/C=C/[C@H]1[C@@H](CC(=O)[C@@H]1C/C=C\CCCC(=O)O)O)O,Acute Coronary Syndrome,C0948089,unknown,SIDER+PubChem,5280360,CID100000158,84
DRUG_05280360,PGE2,CCCCC[C@@H](/C=C/[C@H]1[C@@H](CC(=O)[C@@H]1C/C=C\CCCC(=O)O)O)O,Nausea,C0027497,unknown,SIDER+PubChem,5280360,CID100000158,84
DRUG_05280360,PGE2,CCCCC[C@@H](/C=C/[C@H]1[C@@H](CC(=O)[C@@H]1C/C=C\CCCC(=O)O)O)O,Pain,C0030193,unknown,SIDER+PubChem,5280360,CID100000158,84
DRUG_05280360,PGE2,CCCCC[C@@H](/C=C/[C@H]1[C@@H](CC(=O)[C@@H]1C/C=C\CCCC(=O)O)O)O,Paraesthesia,C0030554,unknown,SIDER+PubChem,5280360,CID100000158,84
DRUG_05280360,PGE2,CCCCC[C@@H](/C=C/[C@H]1[C@@H](CC(=O)[C@@H]1C/C=C\CCCC(=O)O)O)O,Pharyngitis,C0031350,unknown,SIDER+PubChem,5280360,CID100000158,84
DRUG_05280360,PGE2,CCCCC[C@@H](/C=C/[C@H]1[C@@H](CC(=O)[C@@H]1C/C=C\CCCC(=O)O)O)O,Postpartum Haemorrhage,C0032797,unknown,SIDER+PubChem,5280360,CID100000158,84
DRUG_05280360,PGE2,CCCCC[C@@H](/C=C/[C@H]1[C@@H](CC(=O)[C@@H]1C/C=C\CCCC(=O)O)O)O,Pregnancy,C0032961,postmarketing,SIDER+PubChem,5280360,CID100000158,84
DRUG_05280360,PGE2,CCCCC[C@@H](/C=C/[C@H]1[C@@H](CC(=O)[C@@H]1C/C=C\CCCC(=O)O)O)O,Chills,C0085593,unknown,SIDER+PubChem,5280360,CID100000158,84
DRUG_05280360,PGE2,CCCCC[C@@H](/C=C/[C@H]1[C@@H](CC(=O)[C@@H]1C/C=C\CCCC(=O)O)O)O,Shock,C0036974,unknown,SIDER+PubChem,5280360,CID100000158,84
DRUG_05280360,PGE2,CCCCC[C@@H](/C=C/[C@H]1[C@@H](CC(=O)[C@@H]1C/C=C\CCCC(=O)O)O)O,Loss Of Consciousness,C0041657,unknown,SIDER+PubChem,5280360,CID100000158,84
DRUG_05280360,PGE2,CCCCC[C@@H](/C=C/[C@H]1[C@@H](CC(=O)[C@@H]1C/C=C\CCCC(=O)O)O)O,Syncope,C0039070,unknown,SIDER+PubChem,5280360,CID100000158,84
DRUG_05280360,PGE2,CCCCC[C@@H](/C=C/[C@H]1[C@@H](CC(=O)[C@@H]1C/C=C\CCCC(=O)O)O)O,Tachycardia,C0039231,unknown,SIDER+PubChem,5280360,CID100000158,84
DRUG_05280360,PGE2,CCCCC[C@@H](/C=C/[C@H]1[C@@H](CC(=O)[C@@H]1C/C=C\CCCC(=O)O)O)O,Tremor,C0040822,unknown,SIDER+PubChem,5280360,CID100000158,84
DRUG_05280360,PGE2,CCCCC[C@@H](/C=C/[C@H]1[C@@H](CC(=O)[C@@H]1C/C=C\CCCC(=O)O)O)O,Uterine Rupture,C0042143,postmarketing,SIDER+PubChem,5280360,CID100000158,84
DRUG_05280360,PGE2,CCCCC[C@@H](/C=C/[C@H]1[C@@H](CC(=O)[C@@H]1C/C=C\CCCC(=O)O)O)O,Vaginal Infection,C0404521,unknown,SIDER+PubChem,5280360,CID100000158,84
DRUG_05280360,PGE2,CCCCC[C@@H](/C=C/[C@H]1[C@@H](CC(=O)[C@@H]1C/C=C\CCCC(=O)O)O)O,Vaginal Inflammation,C0042267,unknown,SIDER+PubChem,5280360,CID100000158,84
DRUG_05280360,PGE2,CCCCC[C@@H](/C=C/[C@H]1[C@@H](CC(=O)[C@@H]1C/C=C\CCCC(=O)O)O)O,Angiopathy,C0042373,postmarketing,SIDER+PubChem,5280360,CID100000158,84
DRUG_05280360,PGE2,CCCCC[C@@H](/C=C/[C@H]1[C@@H](CC(=O)[C@@H]1C/C=C\CCCC(=O)O)O)O,Vomiting,C0042963,unknown,SIDER+PubChem,5280360,CID100000158,84
DRUG_05280360,PGE2,CCCCC[C@@H](/C=C/[C@H]1[C@@H](CC(=O)[C@@H]1C/C=C\CCCC(=O)O)O)O,Vulvitis,C0042996,unknown,SIDER+PubChem,5280360,CID100000158,84
DRUG_05280360,PGE2,CCCCC[C@@H](/C=C/[C@H]1[C@@H](CC(=O)[C@@H]1C/C=C\CCCC(=O)O)O)O,Wheezing,C0043144,unknown,SIDER+PubChem,5280360,CID100000158,84
DRUG_05280360,PGE2,CCCCC[C@@H](/C=C/[C@H]1[C@@H](CC(=O)[C@@H]1C/C=C\CCCC(=O)O)O)O,Urinary Retention,C0080274,unknown,SIDER+PubChem,5280360,CID100000158,84
DRUG_05280360,PGE2,CCCCC[C@@H](/C=C/[C@H]1[C@@H](CC(=O)[C@@H]1C/C=C\CCCC(=O)O)O)O,Musculoskeletal Stiffness,C0948525,unknown,SIDER+PubChem,5280360,CID100000158,84
DRUG_05280360,PGE2,CCCCC[C@@H](/C=C/[C@H]1[C@@H](CC(=O)[C@@H]1C/C=C\CCCC(=O)O)O)O,Nuchal Rigidity,C1320474,unknown,SIDER+PubChem,5280360,CID100000158,84
DRUG_05280360,PGE2,CCCCC[C@@H](/C=C/[C@H]1[C@@H](CC(=O)[C@@H]1C/C=C\CCCC(=O)O)O)O,Oedema Genital,C0151604,unknown,SIDER+PubChem,5280360,CID100000158,84
DRUG_05280360,PGE2,CCCCC[C@@H](/C=C/[C@H]1[C@@H](CC(=O)[C@@H]1C/C=C\CCCC(=O)O)O)O,Eye Pain,C0151827,unknown,SIDER+PubChem,5280360,CID100000158,84
DRUG_05280360,PGE2,CCCCC[C@@H](/C=C/[C@H]1[C@@H](CC(=O)[C@@H]1C/C=C\CCCC(=O)O)O)O,Skin Discolouration,C0151907,unknown,SIDER+PubChem,5280360,CID100000158,84
DRUG_05280360,PGE2,CCCCC[C@@H](/C=C/[C@H]1[C@@H](CC(=O)[C@@H]1C/C=C\CCCC(=O)O)O)O,Myalgia,C0231528,unknown,SIDER+PubChem,5280360,CID100000158,84
DRUG_05280360,PGE2,CCCCC[C@@H](/C=C/[C@H]1[C@@H](CC(=O)[C@@H]1C/C=C\CCCC(=O)O)O)O,Chest Discomfort,C0235710,unknown,SIDER+PubChem,5280360,CID100000158,84
DRUG_05280360,PGE2,CCCCC[C@@H](/C=C/[C@H]1[C@@H](CC(=O)[C@@H]1C/C=C\CCCC(=O)O)O)O,Tension,C0233494,unknown,SIDER+PubChem,5280360,CID100000158,84
DRUG_05280360,PGE2,CCCCC[C@@H](/C=C/[C@H]1[C@@H](CC(=O)[C@@H]1C/C=C\CCCC(=O)O)O)O,Vulvovaginal Pain,C0520588,unknown,SIDER+PubChem,5280360,CID100000158,84
DRUG_05280360,PGE2,CCCCC[C@@H](/C=C/[C@H]1[C@@H](CC(=O)[C@@H]1C/C=C\CCCC(=O)O)O)O,Breast Tenderness,C0262397,unknown,SIDER+PubChem,5280360,CID100000158,84
DRUG_05280360,PGE2,CCCCC[C@@H](/C=C/[C@H]1[C@@H](CC(=O)[C@@H]1C/C=C\CCCC(=O)O)O)O,Failed Induction Of Labour,C0269806,common,SIDER+PubChem,5280360,CID100000158,84
DRUG_05280360,PGE2,CCCCC[C@@H](/C=C/[C@H]1[C@@H](CC(=O)[C@@H]1C/C=C\CCCC(=O)O)O)O,Uterine Hypertonus,C0269842,common,SIDER+PubChem,5280360,CID100000158,84
DRUG_05280360,PGE2,CCCCC[C@@H](/C=C/[C@H]1[C@@H](CC(=O)[C@@H]1C/C=C\CCCC(=O)O)O)O,Anaphylactoid Reaction,C0340865,unknown,SIDER+PubChem,5280360,CID100000158,84
DRUG_05280360,PGE2,CCCCC[C@@H](/C=C/[C@H]1[C@@H](CC(=O)[C@@H]1C/C=C\CCCC(=O)O)O)O,Vision Blurred,C0344232,unknown,SIDER+PubChem,5280360,CID100000158,84
DRUG_05280360,PGE2,CCCCC[C@@H](/C=C/[C@H]1[C@@H](CC(=O)[C@@H]1C/C=C\CCCC(=O)O)O)O,Post Procedural Infection,C1868855,unknown,SIDER+PubChem,5280360,CID100000158,84
DRUG_05280360,PGE2,CCCCC[C@@H](/C=C/[C@H]1[C@@H](CC(=O)[C@@H]1C/C=C\CCCC(=O)O)O)O,Death Neonatal,C0410916,postmarketing,SIDER+PubChem,5280360,CID100000158,84
DRUG_05280360,PGE2,CCCCC[C@@H](/C=C/[C@H]1[C@@H](CC(=O)[C@@H]1C/C=C\CCCC(=O)O)O)O,Presyncope,C0700200,unknown,SIDER+PubChem,5280360,CID100000158,84
DRUG_05280360,PGE2,CCCCC[C@@H](/C=C/[C@H]1[C@@H](CC(=O)[C@@H]1C/C=C\CCCC(=O)O)O)O,Vulvovaginal Discomfort,C0520587,unknown,SIDER+PubChem,5280360,CID100000158,84
DRUG_05280360,PGE2,CCCCC[C@@H](/C=C/[C@H]1[C@@H](CC(=O)[C@@H]1C/C=C\CCCC(=O)O)O)O,Stillbirth,C0595939,unknown,SIDER+PubChem,5280360,CID100000158,84
DRUG_05280360,PGE2,CCCCC[C@@H](/C=C/[C@H]1[C@@H](CC(=O)[C@@H]1C/C=C\CCCC(=O)O)O)O,Hot Flush,C0600142,unknown,SIDER+PubChem,5280360,CID100000158,84
DRUG_05280360,PGE2,CCCCC[C@@H](/C=C/[C@H]1[C@@H](CC(=O)[C@@H]1C/C=C\CCCC(=O)O)O)O,Menopausal Symptoms,C0236075,unknown,SIDER+PubChem,5280360,CID100000158,84
DRUG_05280360,PGE2,CCCCC[C@@H](/C=C/[C@H]1[C@@H](CC(=O)[C@@H]1C/C=C\CCCC(=O)O)O)O,Hyperhidrosis,C0020458,unknown,SIDER+PubChem,5280360,CID100000158,84
DRUG_05280360,PGE2,CCCCC[C@@H](/C=C/[C@H]1[C@@H](CC(=O)[C@@H]1C/C=C\CCCC(=O)O)O)O,Hearing Impaired,C1384666,unknown,SIDER+PubChem,5280360,CID100000158,84
DRUG_05280360,PGE2,CCCCC[C@@H](/C=C/[C@H]1[C@@H](CC(=O)[C@@H]1C/C=C\CCCC(=O)O)O)O,Deafness,C0011053,unknown,SIDER+PubChem,5280360,CID100000158,84
DRUG_05280360,PGE2,CCCCC[C@@H](/C=C/[C@H]1[C@@H](CC(=O)[C@@H]1C/C=C\CCCC(=O)O)O)O,Vaginismus,C2004487,unknown,SIDER+PubChem,5280360,CID100000158,84
DRUG_05282411,Prostacyclin,CCCCC[C@@H](/C=C/[C@H]1[C@@H](C[C@H]2[C@@H]1C/C(=C/CCCC(=O)O)/O2)O)O,Gastrointestinal Pain,C0687713,common,SIDER+PubChem,5282411,CID100000159,125
DRUG_05282411,Prostacyclin,CCCCC[C@@H](/C=C/[C@H]1[C@@H](C[C@H]2[C@@H]1C/C(=C/CCCC(=O)O)/O2)O)O,Abdominal Pain,C0000737,common,SIDER+PubChem,5282411,CID100000159,125
DRUG_05282411,Prostacyclin,CCCCC[C@@H](/C=C/[C@H]1[C@@H](C[C@H]2[C@@H]1C/C(=C/CCCC(=O)O)/O2)O)O,Anaphylactic Shock,C0002792,unknown,SIDER+PubChem,5282411,CID100000159,125
DRUG_05282411,Prostacyclin,CCCCC[C@@H](/C=C/[C@H]1[C@@H](C[C@H]2[C@@H]1C/C(=C/CCCC(=O)O)/O2)O)O,Anaemia,C0002871,postmarketing,SIDER+PubChem,5282411,CID100000159,125
DRUG_05282411,Prostacyclin,CCCCC[C@@H](/C=C/[C@H]1[C@@H](C[C@H]2[C@@H]1C/C(=C/CCCC(=O)O)/O2)O)O,Decreased Appetite,C0232462,very_common,SIDER+PubChem,5282411,CID100000159,125
DRUG_05282411,Prostacyclin,CCCCC[C@@H](/C=C/[C@H]1[C@@H](C[C@H]2[C@@H]1C/C(=C/CCCC(=O)O)/O2)O)O,Anxiety,C0003467,very_common,SIDER+PubChem,5282411,CID100000159,125
DRUG_05282411,Prostacyclin,CCCCC[C@@H](/C=C/[C@H]1[C@@H](C[C@H]2[C@@H]1C/C(=C/CCCC(=O)O)/O2)O)O,Arthralgia,C0003862,very_common,SIDER+PubChem,5282411,CID100000159,125
DRUG_05282411,Prostacyclin,CCCCC[C@@H](/C=C/[C@H]1[C@@H](C[C@H]2[C@@H]1C/C(=C/CCCC(=O)O)/O2)O)O,Musculoskeletal Discomfort,C0948594,very_common,SIDER+PubChem,5282411,CID100000159,125
DRUG_05282411,Prostacyclin,CCCCC[C@@H](/C=C/[C@H]1[C@@H](C[C@H]2[C@@H]1C/C(=C/CCCC(=O)O)/O2)O)O,Arthritis,C0003864,unknown,SIDER+PubChem,5282411,CID100000159,125
DRUG_05282411,Prostacyclin,CCCCC[C@@H](/C=C/[C@H]1[C@@H](C[C@H]2[C@@H]1C/C(=C/CCCC(=O)O)/O2)O)O,Ascites,C0003962,unknown,SIDER+PubChem,5282411,CID100000159,125
DRUG_05282411,Prostacyclin,CCCCC[C@@H](/C=C/[C@H]1[C@@H](C[C@H]2[C@@H]1C/C(=C/CCCC(=O)O)/O2)O)O,Asthenia,C0004093,unknown,SIDER+PubChem,5282411,CID100000159,125
DRUG_05282411,Prostacyclin,CCCCC[C@@H](/C=C/[C@H]1[C@@H](C[C@H]2[C@@H]1C/C(=C/CCCC(=O)O)/O2)O)O,Back Pain,C0004604,common,SIDER+PubChem,5282411,CID100000159,125
DRUG_05282411,Prostacyclin,CCCCC[C@@H](/C=C/[C@H]1[C@@H](C[C@H]2[C@@H]1C/C(=C/CCCC(=O)O)/O2)O)O,Mental Disorder,C0004936,unknown,SIDER+PubChem,5282411,CID100000159,125
DRUG_05282411,Prostacyclin,CCCCC[C@@H](/C=C/[C@H]1[C@@H](C[C@H]2[C@@H]1C/C(=C/CCCC(=O)O)/O2)O)O,Cellulitis,C0007642,unknown,SIDER+PubChem,5282411,CID100000159,125
DRUG_05282411,Prostacyclin,CCCCC[C@@H](/C=C/[C@H]1[C@@H](C[C@H]2[C@@H]1C/C(=C/CCCC(=O)O)/O2)O)O,Neck Pain,C0007859,very_common,SIDER+PubChem,5282411,CID100000159,125
DRUG_05282411,Prostacyclin,CCCCC[C@@H](/C=C/[C@H]1[C@@H](C[C@H]2[C@@H]1C/C(=C/CCCC(=O)O)/O2)O)O,Chest Pain,C0008031,very_common,SIDER+PubChem,5282411,CID100000159,125
DRUG_05282411,Prostacyclin,CCCCC[C@@H](/C=C/[C@H]1[C@@H](C[C@H]2[C@@H]1C/C(=C/CCCC(=O)O)/O2)O)O,Collagen Disorder,C0009326,unknown,SIDER+PubChem,5282411,CID100000159,125
DRUG_05282411,Prostacyclin,CCCCC[C@@H](/C=C/[C@H]1[C@@H](C[C@H]2[C@@H]1C/C(=C/CCCC(=O)O)/O2)O)O,Infection,C0009450,unknown,SIDER+PubChem,5282411,CID100000159,125
DRUG_05282411,Prostacyclin,CCCCC[C@@H](/C=C/[C@H]1[C@@H](C[C@H]2[C@@H]1C/C(=C/CCCC(=O)O)/O2)O)O,Connective Tissue Disorder,C0009782,unknown,SIDER+PubChem,5282411,CID100000159,125
DRUG_05282411,Prostacyclin,CCCCC[C@@H](/C=C/[C@H]1[C@@H](C[C@H]2[C@@H]1C/C(=C/CCCC(=O)O)/O2)O)O,Constipation,C0009806,unknown,SIDER+PubChem,5282411,CID100000159,125
DRUG_05282411,Prostacyclin,CCCCC[C@@H](/C=C/[C@H]1[C@@H](C[C@H]2[C@@H]1C/C(=C/CCCC(=O)O)/O2)O)O,Cough,C0010200,unknown,SIDER+PubChem,5282411,CID100000159,125
DRUG_05282411,Prostacyclin,CCCCC[C@@H](/C=C/[C@H]1[C@@H](C[C@H]2[C@@H]1C/C(=C/CCCC(=O)O)/O2)O)O,Cyanosis,C0010520,unknown,SIDER+PubChem,5282411,CID100000159,125
DRUG_05282411,Prostacyclin,CCCCC[C@@H](/C=C/[C@H]1[C@@H](C[C@H]2[C@@H]1C/C(=C/CCCC(=O)O)/O2)O)O,Depression,C0011570,unknown,SIDER+PubChem,5282411,CID100000159,125
DRUG_05282411,Prostacyclin,CCCCC[C@@H](/C=C/[C@H]1[C@@H](C[C@H]2[C@@H]1C/C(=C/CCCC(=O)O)/O2)O)O,Diarrhoea,C0011991,very_common,SIDER+PubChem,5282411,CID100000159,125
DRUG_05282411,Prostacyclin,CCCCC[C@@H](/C=C/[C@H]1[C@@H](C[C@H]2[C@@H]1C/C(=C/CCCC(=O)O)/O2)O)O,Dizziness,C0012833,very_common,SIDER+PubChem,5282411,CID100000159,125
DRUG_05282411,Prostacyclin,CCCCC[C@@H](/C=C/[C@H]1[C@@H](C[C@H]2[C@@H]1C/C(=C/CCCC(=O)O)/O2)O)O,Dyspepsia,C0013395,common,SIDER+PubChem,5282411,CID100000159,125
DRUG_05282411,Prostacyclin,CCCCC[C@@H](/C=C/[C@H]1[C@@H](C[C@H]2[C@@H]1C/C(=C/CCCC(=O)O)/O2)O)O,Dyspnoea,C0013404,common,SIDER+PubChem,5282411,CID100000159,125
DRUG_05282411,Prostacyclin,CCCCC[C@@H](/C=C/[C@H]1[C@@H](C[C@H]2[C@@H]1C/C(=C/CCCC(=O)O)/O2)O)O,Eczema,C0013595,very_common,SIDER+PubChem,5282411,CID100000159,125
DRUG_05282411,Prostacyclin,CCCCC[C@@H](/C=C/[C@H]1[C@@H](C[C@H]2[C@@H]1C/C(=C/CCCC(=O)O)/O2)O)O,Oedema,C0013604,unknown,SIDER+PubChem,5282411,CID100000159,125
DRUG_05282411,Prostacyclin,CCCCC[C@@H](/C=C/[C@H]1[C@@H](C[C@H]2[C@@H]1C/C(=C/CCCC(=O)O)/O2)O)O,Endocrine Disorder,C0014130,unknown,SIDER+PubChem,5282411,CID100000159,125
DRUG_05282411,Prostacyclin,CCCCC[C@@H](/C=C/[C@H]1[C@@H](C[C@H]2[C@@H]1C/C(=C/CCCC(=O)O)/O2)O)O,Epistaxis,C0014591,unknown,SIDER+PubChem,5282411,CID100000159,125
DRUG_05282411,Prostacyclin,CCCCC[C@@H](/C=C/[C@H]1[C@@H](C[C@H]2[C@@H]1C/C(=C/CCCC(=O)O)/O2)O)O,Rash,C0015230,very_common,SIDER+PubChem,5282411,CID100000159,125
DRUG_05282411,Prostacyclin,CCCCC[C@@H](/C=C/[C@H]1[C@@H](C[C@H]2[C@@H]1C/C(=C/CCCC(=O)O)/O2)O)O,Dermatitis,C0011603,very_common,SIDER+PubChem,5282411,CID100000159,125
DRUG_05282411,Prostacyclin,CCCCC[C@@H](/C=C/[C@H]1[C@@H](C[C@H]2[C@@H]1C/C(=C/CCCC(=O)O)/O2)O)O,Fatigue,C0015672,unknown,SIDER+PubChem,5282411,CID100000159,125
DRUG_05282411,Prostacyclin,CCCCC[C@@H](/C=C/[C@H]1[C@@H](C[C@H]2[C@@H]1C/C(=C/CCCC(=O)O)/O2)O)O,Body Temperature Increased,C0015967,very_common,SIDER+PubChem,5282411,CID100000159,125
DRUG_05282411,Prostacyclin,CCCCC[C@@H](/C=C/[C@H]1[C@@H](C[C@H]2[C@@H]1C/C(=C/CCCC(=O)O)/O2)O)O,Flatulence,C0016204,unknown,SIDER+PubChem,5282411,CID100000159,125
DRUG_05282411,Prostacyclin,CCCCC[C@@H](/C=C/[C@H]1[C@@H](C[C@H]2[C@@H]1C/C(=C/CCCC(=O)O)/O2)O)O,Flushing,C0016382,very_common,SIDER+PubChem,5282411,CID100000159,125
DRUG_05282411,Prostacyclin,CCCCC[C@@H](/C=C/[C@H]1[C@@H](C[C@H]2[C@@H]1C/C(=C/CCCC(=O)O)/O2)O)O,Gastritis,C0017152,unknown,SIDER+PubChem,5282411,CID100000159,125
DRUG_05282411,Prostacyclin,CCCCC[C@@H](/C=C/[C@H]1[C@@H](C[C@H]2[C@@H]1C/C(=C/CCCC(=O)O)/O2)O)O,Gastrointestinal Disorder,C0017178,unknown,SIDER+PubChem,5282411,CID100000159,125
DRUG_05282411,Prostacyclin,CCCCC[C@@H](/C=C/[C@H]1[C@@H](C[C@H]2[C@@H]1C/C(=C/CCCC(=O)O)/O2)O)O,Headache,C0018681,very_common,SIDER+PubChem,5282411,CID100000159,125
DRUG_05282411,Prostacyclin,CCCCC[C@@H](/C=C/[C@H]1[C@@H](C[C@H]2[C@@H]1C/C(=C/CCCC(=O)O)/O2)O)O,Cardiac Disorder,C0018799,unknown,SIDER+PubChem,5282411,CID100000159,125
DRUG_05282411,Prostacyclin,CCCCC[C@@H](/C=C/[C@H]1[C@@H](C[C@H]2[C@@H]1C/C(=C/CCCC(=O)O)/O2)O)O,Cardiac Failure,C0018801,unknown,SIDER+PubChem,5282411,CID100000159,125
DRUG_05282411,Prostacyclin,CCCCC[C@@H](/C=C/[C@H]1[C@@H](C[C@H]2[C@@H]1C/C(=C/CCCC(=O)O)/O2)O)O,Haematuria,C0018965,unknown,SIDER+PubChem,5282411,CID100000159,125
DRUG_05282411,Prostacyclin,CCCCC[C@@H](/C=C/[C@H]1[C@@H](C[C@H]2[C@@H]1C/C(=C/CCCC(=O)O)/O2)O)O,Haemorrhage,C0019080,unknown,SIDER+PubChem,5282411,CID100000159,125
DRUG_05282411,Prostacyclin,CCCCC[C@@H](/C=C/[C@H]1[C@@H](C[C@H]2[C@@H]1C/C(=C/CCCC(=O)O)/O2)O)O,Haemoglobin,C0518015,unknown,SIDER+PubChem,5282411,CID100000159,125
DRUG_05282411,Prostacyclin,CCCCC[C@@H](/C=C/[C@H]1[C@@H](C[C@H]2[C@@H]1C/C(=C/CCCC(=O)O)/O2)O)O,Haemothorax,C0019123,unknown,SIDER+PubChem,5282411,CID100000159,125
DRUG_05282411,Prostacyclin,CCCCC[C@@H](/C=C/[C@H]1[C@@H](C[C@H]2[C@@H]1C/C(=C/CCCC(=O)O)/O2)O)O,Hypercalcaemia,C0020437,unknown,SIDER+PubChem,5282411,CID100000159,125
DRUG_05282411,Prostacyclin,CCCCC[C@@H](/C=C/[C@H]1[C@@H](C[C@H]2[C@@H]1C/C(=C/CCCC(=O)O)/O2)O)O,Hyperaesthesia,C0020453,very_common,SIDER+PubChem,5282411,CID100000159,125
DRUG_05282411,Prostacyclin,CCCCC[C@@H](/C=C/[C@H]1[C@@H](C[C@H]2[C@@H]1C/C(=C/CCCC(=O)O)/O2)O)O,Hyperkalaemia,C0020461,unknown,SIDER+PubChem,5282411,CID100000159,125
DRUG_05282411,Prostacyclin,CCCCC[C@@H](/C=C/[C@H]1[C@@H](C[C@H]2[C@@H]1C/C(=C/CCCC(=O)O)/O2)O)O,Hypersensitivity,C0020517,unknown,SIDER+PubChem,5282411,CID100000159,125
DRUG_05282411,Prostacyclin,CCCCC[C@@H](/C=C/[C@H]1[C@@H](C[C@H]2[C@@H]1C/C(=C/CCCC(=O)O)/O2)O)O,Hypersplenism,C0020532,postmarketing,SIDER+PubChem,5282411,CID100000159,125
DRUG_05282411,Prostacyclin,CCCCC[C@@H](/C=C/[C@H]1[C@@H](C[C@H]2[C@@H]1C/C(=C/CCCC(=O)O)/O2)O)O,Hyperthyroidism,C0020550,postmarketing,SIDER+PubChem,5282411,CID100000159,125
DRUG_05282411,Prostacyclin,CCCCC[C@@H](/C=C/[C@H]1[C@@H](C[C@H]2[C@@H]1C/C(=C/CCCC(=O)O)/O2)O)O,Hypoaesthesia,C0020580,very_common,SIDER+PubChem,5282411,CID100000159,125
DRUG_05282411,Prostacyclin,CCCCC[C@@H](/C=C/[C@H]1[C@@H](C[C@H]2[C@@H]1C/C(=C/CCCC(=O)O)/O2)O)O,Hypotension,C0020649,very_common,SIDER+PubChem,5282411,CID100000159,125
DRUG_05282411,Prostacyclin,CCCCC[C@@H](/C=C/[C@H]1[C@@H](C[C@H]2[C@@H]1C/C(=C/CCCC(=O)O)/O2)O)O,Orthostatic Hypotension,C0020651,unknown,SIDER+PubChem,5282411,CID100000159,125
DRUG_05282411,Prostacyclin,CCCCC[C@@H](/C=C/[C@H]1[C@@H](C[C@H]2[C@@H]1C/C(=C/CCCC(=O)O)/O2)O)O,Muscle Spasms,C0037763,unknown,SIDER+PubChem,5282411,CID100000159,125
DRUG_05282411,Prostacyclin,CCCCC[C@@H](/C=C/[C@H]1[C@@H](C[C@H]2[C@@H]1C/C(=C/CCCC(=O)O)/O2)O)O,Mediastinal Disorder,C0025061,unknown,SIDER+PubChem,5282411,CID100000159,125
DRUG_05282411,Prostacyclin,CCCCC[C@@H](/C=C/[C@H]1[C@@H](C[C@H]2[C@@H]1C/C(=C/CCCC(=O)O)/O2)O)O,Musculoskeletal Pain,C0026858,very_common,SIDER+PubChem,5282411,CID100000159,125
DRUG_05282411,Prostacyclin,CCCCC[C@@H](/C=C/[C@H]1[C@@H](C[C@H]2[C@@H]1C/C(=C/CCCC(=O)O)/O2)O)O,Myocardial Infarction,C0027051,unknown,SIDER+PubChem,5282411,CID100000159,125
DRUG_05282411,Prostacyclin,CCCCC[C@@H](/C=C/[C@H]1[C@@H](C[C@H]2[C@@H]1C/C(=C/CCCC(=O)O)/O2)O)O,Acute Coronary Syndrome,C0948089,unknown,SIDER+PubChem,5282411,CID100000159,125
DRUG_05282411,Prostacyclin,CCCCC[C@@H](/C=C/[C@H]1[C@@H](C[C@H]2[C@@H]1C/C(=C/CCCC(=O)O)/O2)O)O,Nausea,C0027497,very_common,SIDER+PubChem,5282411,CID100000159,125
DRUG_05282411,Prostacyclin,CCCCC[C@@H](/C=C/[C@H]1[C@@H](C[C@H]2[C@@H]1C/C(=C/CCCC(=O)O)/O2)O)O,Nervous System Disorder,C0027765,unknown,SIDER+PubChem,5282411,CID100000159,125
DRUG_05282411,Prostacyclin,CCCCC[C@@H](/C=C/[C@H]1[C@@H](C[C@H]2[C@@H]1C/C(=C/CCCC(=O)O)/O2)O)O,Nervousness,C0027769,very_common,SIDER+PubChem,5282411,CID100000159,125
DRUG_05282411,Prostacyclin,CCCCC[C@@H](/C=C/[C@H]1[C@@H](C[C@H]2[C@@H]1C/C(=C/CCCC(=O)O)/O2)O)O,Tension,C0233494,very_common,SIDER+PubChem,5282411,CID100000159,125
DRUG_05282411,Prostacyclin,CCCCC[C@@H](/C=C/[C@H]1[C@@H](C[C@H]2[C@@H]1C/C(=C/CCCC(=O)O)/O2)O)O,Pain,C0030193,very_common,SIDER+PubChem,5282411,CID100000159,125
DRUG_05282411,Prostacyclin,CCCCC[C@@H](/C=C/[C@H]1[C@@H](C[C@H]2[C@@H]1C/C(=C/CCCC(=O)O)/O2)O)O,Pallor,C0030232,unknown,SIDER+PubChem,5282411,CID100000159,125
DRUG_05282411,Prostacyclin,CCCCC[C@@H](/C=C/[C@H]1[C@@H](C[C@H]2[C@@H]1C/C(=C/CCCC(=O)O)/O2)O)O,Palpitations,C0030252,unknown,SIDER+PubChem,5282411,CID100000159,125
DRUG_05282411,Prostacyclin,CCCCC[C@@H](/C=C/[C@H]1[C@@H](C[C@H]2[C@@H]1C/C(=C/CCCC(=O)O)/O2)O)O,Pancytopenia,C0030312,postmarketing,SIDER+PubChem,5282411,CID100000159,125
DRUG_05282411,Prostacyclin,CCCCC[C@@H](/C=C/[C@H]1[C@@H](C[C@H]2[C@@H]1C/C(=C/CCCC(=O)O)/O2)O)O,Paraesthesia,C0030554,very_common,SIDER+PubChem,5282411,CID100000159,125
DRUG_05282411,Prostacyclin,CCCCC[C@@H](/C=C/[C@H]1[C@@H](C[C@H]2[C@@H]1C/C(=C/CCCC(=O)O)/O2)O)O,Pharyngitis,C0031350,unknown,SIDER+PubChem,5282411,CID100000159,125
DRUG_05282411,Prostacyclin,CCCCC[C@@H](/C=C/[C@H]1[C@@H](C[C@H]2[C@@H]1C/C(=C/CCCC(=O)O)/O2)O)O,Pleural Effusion,C0032227,unknown,SIDER+PubChem,5282411,CID100000159,125
DRUG_05282411,Prostacyclin,CCCCC[C@@H](/C=C/[C@H]1[C@@H](C[C@H]2[C@@H]1C/C(=C/CCCC(=O)O)/O2)O)O,Pneumonia,C0032285,unknown,SIDER+PubChem,5282411,CID100000159,125
DRUG_05282411,Prostacyclin,CCCCC[C@@H](/C=C/[C@H]1[C@@H](C[C@H]2[C@@H]1C/C(=C/CCCC(=O)O)/O2)O)O,Pneumothorax,C0032326,unknown,SIDER+PubChem,5282411,CID100000159,125
DRUG_05282411,Prostacyclin,CCCCC[C@@H](/C=C/[C@H]1[C@@H](C[C@H]2[C@@H]1C/C(=C/CCCC(=O)O)/O2)O)O,Pruritus,C0033774,unknown,SIDER+PubChem,5282411,CID100000159,125
DRUG_05282411,Prostacyclin,CCCCC[C@@H](/C=C/[C@H]1[C@@H](C[C@H]2[C@@H]1C/C(=C/CCCC(=O)O)/O2)O)O,Pulmonary Oedema,C0034063,unknown,SIDER+PubChem,5282411,CID100000159,125
DRUG_05282411,Prostacyclin,CCCCC[C@@H](/C=C/[C@H]1[C@@H](C[C@H]2[C@@H]1C/C(=C/CCCC(=O)O)/O2)O)O,Pulmonary Embolism,C0034065,unknown,SIDER+PubChem,5282411,CID100000159,125
DRUG_05282411,Prostacyclin,CCCCC[C@@H](/C=C/[C@H]1[C@@H](C[C@H]2[C@@H]1C/C(=C/CCCC(=O)O)/O2)O)O,Rhinitis,C0035455,unknown,SIDER+PubChem,5282411,CID100000159,125
DRUG_05282411,Prostacyclin,CCCCC[C@@H](/C=C/[C@H]1[C@@H](C[C@H]2[C@@H]1C/C(=C/CCCC(=O)O)/O2)O)O,Sepsis,C0243026,very_common,SIDER+PubChem,5282411,CID100000159,125
DRUG_05282411,Prostacyclin,CCCCC[C@@H](/C=C/[C@H]1[C@@H](C[C@H]2[C@@H]1C/C(=C/CCCC(=O)O)/O2)O)O,Shock,C0036974,unknown,SIDER+PubChem,5282411,CID100000159,125
DRUG_05282411,Prostacyclin,CCCCC[C@@H](/C=C/[C@H]1[C@@H](C[C@H]2[C@@H]1C/C(=C/CCCC(=O)O)/O2)O)O,Sinusitis,C0037199,unknown,SIDER+PubChem,5282411,CID100000159,125
DRUG_05282411,Prostacyclin,CCCCC[C@@H](/C=C/[C@H]1[C@@H](C[C@H]2[C@@H]1C/C(=C/CCCC(=O)O)/O2)O)O,Skin Ulcer,C0037299,very_common,SIDER+PubChem,5282411,CID100000159,125
DRUG_05282411,Prostacyclin,CCCCC[C@@H](/C=C/[C@H]1[C@@H](C[C@H]2[C@@H]1C/C(=C/CCCC(=O)O)/O2)O)O,Splenomegaly,C0038002,postmarketing,SIDER+PubChem,5282411,CID100000159,125
DRUG_05282411,Prostacyclin,CCCCC[C@@H](/C=C/[C@H]1[C@@H](C[C@H]2[C@@H]1C/C(=C/CCCC(=O)O)/O2)O)O,Hyperhidrosis,C0020458,common,SIDER+PubChem,5282411,CID100000159,125
DRUG_05282411,Prostacyclin,CCCCC[C@@H](/C=C/[C@H]1[C@@H](C[C@H]2[C@@H]1C/C(=C/CCCC(=O)O)/O2)O)O,Loss Of Consciousness,C0041657,unknown,SIDER+PubChem,5282411,CID100000159,125
DRUG_05282411,Prostacyclin,CCCCC[C@@H](/C=C/[C@H]1[C@@H](C[C@H]2[C@@H]1C/C(=C/CCCC(=O)O)/O2)O)O,Syncope,C0039070,unknown,SIDER+PubChem,5282411,CID100000159,125
DRUG_05282411,Prostacyclin,CCCCC[C@@H](/C=C/[C@H]1[C@@H](C[C@H]2[C@@H]1C/C(=C/CCCC(=O)O)/O2)O)O,Tachycardia,C0039231,very_common,SIDER+PubChem,5282411,CID100000159,125
DRUG_05282411,Prostacyclin,CCCCC[C@@H](/C=C/[C@H]1[C@@H](C[C@H]2[C@@H]1C/C(=C/CCCC(=O)O)/O2)O)O,Thirst,C0039971,unknown,SIDER+PubChem,5282411,CID100000159,125
DRUG_05282411,Prostacyclin,CCCCC[C@@H](/C=C/[C@H]1[C@@H](C[C@H]2[C@@H]1C/C(=C/CCCC(=O)O)/O2)O)O,Thrombocytopenia,C0040034,unknown,SIDER+PubChem,5282411,CID100000159,125
DRUG_05282411,Prostacyclin,CCCCC[C@@H](/C=C/[C@H]1[C@@H](C[C@H]2[C@@H]1C/C(=C/CCCC(=O)O)/O2)O)O,Tremor,C0040822,very_common,SIDER+PubChem,5282411,CID100000159,125
DRUG_05282411,Prostacyclin,CCCCC[C@@H](/C=C/[C@H]1[C@@H](C[C@H]2[C@@H]1C/C(=C/CCCC(=O)O)/O2)O)O,Urinary Tract Infection,C0042029,unknown,SIDER+PubChem,5282411,CID100000159,125
DRUG_05282411,Prostacyclin,CCCCC[C@@H](/C=C/[C@H]1[C@@H](C[C@H]2[C@@H]1C/C(=C/CCCC(=O)O)/O2)O)O,Urticaria,C0042109,very_common,SIDER+PubChem,5282411,CID100000159,125
DRUG_05282411,Prostacyclin,CCCCC[C@@H](/C=C/[C@H]1[C@@H](C[C@H]2[C@@H]1C/C(=C/CCCC(=O)O)/O2)O)O,Angiopathy,C0042373,unknown,SIDER+PubChem,5282411,CID100000159,125
DRUG_05282411,Prostacyclin,CCCCC[C@@H](/C=C/[C@H]1[C@@H](C[C@H]2[C@@H]1C/C(=C/CCCC(=O)O)/O2)O)O,Vasodilation Procedure,C1142412,unknown,SIDER+PubChem,5282411,CID100000159,125
DRUG_05282411,Prostacyclin,CCCCC[C@@H](/C=C/[C@H]1[C@@H](C[C@H]2[C@@H]1C/C(=C/CCCC(=O)O)/O2)O)O,Vomiting,C0042963,very_common,SIDER+PubChem,5282411,CID100000159,125
DRUG_05282411,Prostacyclin,CCCCC[C@@H](/C=C/[C@H]1[C@@H](C[C@H]2[C@@H]1C/C(=C/CCCC(=O)O)/O2)O)O,Weight Decreased,C0043096,unknown,SIDER+PubChem,5282411,CID100000159,125
DRUG_05282411,Prostacyclin,CCCCC[C@@H](/C=C/[C@H]1[C@@H](C[C@H]2[C@@H]1C/C(=C/CCCC(=O)O)/O2)O)O,Dry Mouth,C0043352,unknown,SIDER+PubChem,5282411,CID100000159,125
DRUG_05282411,Prostacyclin,CCCCC[C@@H](/C=C/[C@H]1[C@@H](C[C@H]2[C@@H]1C/C(=C/CCCC(=O)O)/O2)O)O,Peripheral Vascular Disorder,C0085096,unknown,SIDER+PubChem,5282411,CID100000159,125
DRUG_05282411,Prostacyclin,CCCCC[C@@H](/C=C/[C@H]1[C@@H](C[C@H]2[C@@H]1C/C(=C/CCCC(=O)O)/O2)O)O,Chills,C0085593,very_common,SIDER+PubChem,5282411,CID100000159,125
DRUG_05282411,Prostacyclin,CCCCC[C@@H](/C=C/[C@H]1[C@@H](C[C@H]2[C@@H]1C/C(=C/CCCC(=O)O)/O2)O)O,Hepatic Failure,C0085605,unknown,SIDER+PubChem,5282411,CID100000159,125
DRUG_05282411,Prostacyclin,CCCCC[C@@H](/C=C/[C@H]1[C@@H](C[C@H]2[C@@H]1C/C(=C/CCCC(=O)O)/O2)O)O,Agitation,C0085631,very_common,SIDER+PubChem,5282411,CID100000159,125
DRUG_05282411,Prostacyclin,CCCCC[C@@H](/C=C/[C@H]1[C@@H](C[C@H]2[C@@H]1C/C(=C/CCCC(=O)O)/O2)O)O,Oedema Peripheral,C0085649,unknown,SIDER+PubChem,5282411,CID100000159,125
DRUG_05282411,Prostacyclin,CCCCC[C@@H](/C=C/[C@H]1[C@@H](C[C@H]2[C@@H]1C/C(=C/CCCC(=O)O)/O2)O)O,Injection Site Reaction,C0151735,unknown,SIDER+PubChem,5282411,CID100000159,125
DRUG_05282411,Prostacyclin,CCCCC[C@@H](/C=C/[C@H]1[C@@H](C[C@H]2[C@@H]1C/C(=C/CCCC(=O)O)/O2)O)O,Injection Site Pain,C0151828,unknown,SIDER+PubChem,5282411,CID100000159,125
DRUG_05282411,Prostacyclin,CCCCC[C@@H](/C=C/[C@H]1[C@@H](C[C@H]2[C@@H]1C/C(=C/CCCC(=O)O)/O2)O)O,Skin Disorder,C0037274,unknown,SIDER+PubChem,5282411,CID100000159,125
DRUG_05282411,Prostacyclin,CCCCC[C@@H](/C=C/[C@H]1[C@@H](C[C@H]2[C@@H]1C/C(=C/CCCC(=O)O)/O2)O)O,Myalgia,C0231528,very_common,SIDER+PubChem,5282411,CID100000159,125
DRUG_05282411,Prostacyclin,CCCCC[C@@H](/C=C/[C@H]1[C@@H](C[C@H]2[C@@H]1C/C(=C/CCCC(=O)O)/O2)O)O,Chest Discomfort,C0235710,unknown,SIDER+PubChem,5282411,CID100000159,125
DRUG_05282411,Prostacyclin,CCCCC[C@@H](/C=C/[C@H]1[C@@H](C[C@H]2[C@@H]1C/C(=C/CCCC(=O)O)/O2)O)O,Abdominal Discomfort,C0232487,unknown,SIDER+PubChem,5282411,CID100000159,125
DRUG_05282411,Prostacyclin,CCCCC[C@@H](/C=C/[C@H]1[C@@H](C[C@H]2[C@@H]1C/C(=C/CCCC(=O)O)/O2)O)O,Right Ventricular Failure,C2939447,unknown,SIDER+PubChem,5282411,CID100000159,125
DRUG_05282411,Prostacyclin,CCCCC[C@@H](/C=C/[C@H]1[C@@H](C[C@H]2[C@@H]1C/C(=C/CCCC(=O)O)/O2)O)O,Pain In Jaw,C0236000,very_common,SIDER+PubChem,5282411,CID100000159,125
DRUG_05282411,Prostacyclin,CCCCC[C@@H](/C=C/[C@H]1[C@@H](C[C@H]2[C@@H]1C/C(=C/CCCC(=O)O)/O2)O)O,Hypoxia,C0242184,unknown,SIDER+PubChem,5282411,CID100000159,125
DRUG_05282411,Prostacyclin,CCCCC[C@@H](/C=C/[C@H]1[C@@H](C[C@H]2[C@@H]1C/C(=C/CCCC(=O)O)/O2)O)O,Rectal Haemorrhage,C0267596,unknown,SIDER+PubChem,5282411,CID100000159,125
DRUG_05282411,Prostacyclin,CCCCC[C@@H](/C=C/[C@H]1[C@@H](C[C@H]2[C@@H]1C/C(=C/CCCC(=O)O)/O2)O)O,Major Depression,C1269683,unknown,SIDER+PubChem,5282411,CID100000159,125
DRUG_05282411,Prostacyclin,CCCCC[C@@H](/C=C/[C@H]1[C@@H](C[C@H]2[C@@H]1C/C(=C/CCCC(=O)O)/O2)O)O,Abdominal Distension,C0000731,unknown,SIDER+PubChem,5282411,CID100000159,125
DRUG_05282411,Prostacyclin,CCCCC[C@@H](/C=C/[C@H]1[C@@H](C[C@H]2[C@@H]1C/C(=C/CCCC(=O)O)/O2)O)O,Influenza Like Illness,C0521839,very_common,SIDER+PubChem,5282411,CID100000159,125
DRUG_05282411,Prostacyclin,CCCCC[C@@H](/C=C/[C@H]1[C@@H](C[C@H]2[C@@H]1C/C(=C/CCCC(=O)O)/O2)O)O,Platelet Count Decreased,C0392386,unknown,SIDER+PubChem,5282411,CID100000159,125
DRUG_05282411,Prostacyclin,CCCCC[C@@H](/C=C/[C@H]1[C@@H](C[C@H]2[C@@H]1C/C(=C/CCCC(=O)O)/O2)O)O,Hyperkinesia,C0424295,unknown,SIDER+PubChem,5282411,CID100000159,125
DRUG_05282411,Prostacyclin,CCCCC[C@@H](/C=C/[C@H]1[C@@H](C[C@H]2[C@@H]1C/C(=C/CCCC(=O)O)/O2)O)O,Bradycardia,C0428977,common,SIDER+PubChem,5282411,CID100000159,125
DRUG_05282411,Prostacyclin,CCCCC[C@@H](/C=C/[C@H]1[C@@H](C[C@H]2[C@@H]1C/C(=C/CCCC(=O)O)/O2)O)O,Instillation Site Pain,C0858797,unknown,SIDER+PubChem,5282411,CID100000159,125
DRUG_05282411,Prostacyclin,CCCCC[C@@H](/C=C/[C@H]1[C@@H](C[C@H]2[C@@H]1C/C(=C/CCCC(=O)O)/O2)O)O,Application Site Pain,C0521491,unknown,SIDER+PubChem,5282411,CID100000159,125
DRUG_05282411,Prostacyclin,CCCCC[C@@H](/C=C/[C@H]1[C@@H](C[C@H]2[C@@H]1C/C(=C/CCCC(=O)O)/O2)O)O,Infestation,C1384353,unknown,SIDER+PubChem,5282411,CID100000159,125
DRUG_05282411,Prostacyclin,CCCCC[C@@H](/C=C/[C@H]1[C@@H](C[C@H]2[C@@H]1C/C(=C/CCCC(=O)O)/O2)O)O,Device Related Infection,C1619702,unknown,SIDER+PubChem,5282411,CID100000159,125
DRUG_05282411,Prostacyclin,CCCCC[C@@H](/C=C/[C@H]1[C@@H](C[C@H]2[C@@H]1C/C(=C/CCCC(=O)O)/O2)O)O,Insomnia,C0917801,unknown,SIDER+PubChem,5282411,CID100000159,125
DRUG_05282411,Prostacyclin,CCCCC[C@@H](/C=C/[C@H]1[C@@H](C[C@H]2[C@@H]1C/C(=C/CCCC(=O)O)/O2)O)O,Procedural Complication,C1141861,unknown,SIDER+PubChem,5282411,CID100000159,125
DRUG_05282411,Prostacyclin,CCCCC[C@@H](/C=C/[C@H]1[C@@H](C[C@H]2[C@@H]1C/C(=C/CCCC(=O)O)/O2)O)O,Confusional State,C0009676,unknown,SIDER+PubChem,5282411,CID100000159,125
DRUG_05282411,Prostacyclin,CCCCC[C@@H](/C=C/[C@H]1[C@@H](C[C@H]2[C@@H]1C/C(=C/CCCC(=O)O)/O2)O)O,Somnolence,C2830004,unknown,SIDER+PubChem,5282411,CID100000159,125
DRUG_05280363,Prostaglandin,CCCCC[C@@H](/C=C/[C@H]1[C@@H](C[C@@H]([C@@H]1C/C=C\CCCC(=O)O)O)O)O,Gastrointestinal Pain,C0687713,unknown,SIDER+PubChem,5280363,CID100000160,24
DRUG_05280363,Prostaglandin,CCCCC[C@@H](/C=C/[C@H]1[C@@H](C[C@@H]([C@@H]1C/C=C\CCCC(=O)O)O)O)O,Abdominal Pain,C0000737,unknown,SIDER+PubChem,5280363,CID100000160,24
DRUG_05280363,Prostaglandin,CCCCC[C@@H](/C=C/[C@H]1[C@@H](C[C@@H]([C@@H]1C/C=C\CCCC(=O)O)O)O)O,Amniotic Cavity Infection,C0002631,unknown,SIDER+PubChem,5280363,CID100000160,24
DRUG_05280363,Prostaglandin,CCCCC[C@@H](/C=C/[C@H]1[C@@H](C[C@@H]([C@@H]1C/C=C\CCCC(=O)O)O)O)O,Back Pain,C0004604,common,SIDER+PubChem,5280363,CID100000160,24
DRUG_05280363,Prostaglandin,CCCCC[C@@H](/C=C/[C@H]1[C@@H](C[C@@H]([C@@H]1C/C=C\CCCC(=O)O)O)O)O,Diarrhoea,C0011991,unknown,SIDER+PubChem,5280363,CID100000160,24
DRUG_05280363,Prostaglandin,CCCCC[C@@H](/C=C/[C@H]1[C@@H](C[C@@H]([C@@H]1C/C=C\CCCC(=O)O)O)O)O,Disseminated Intravascular Coagulation,C0012739,unknown,SIDER+PubChem,5280363,CID100000160,24
DRUG_05280363,Prostaglandin,CCCCC[C@@H](/C=C/[C@H]1[C@@H](C[C@@H]([C@@H]1C/C=C\CCCC(=O)O)O)O)O,Anaphylactoid Syndrome Of Pregnancy,C1868769,unknown,SIDER+PubChem,5280363,CID100000160,24
DRUG_05280363,Prostaglandin,CCCCC[C@@H](/C=C/[C@H]1[C@@H](C[C@@H]([C@@H]1C/C=C\CCCC(=O)O)O)O)O,Foetal Distress Syndrome,C0015930,common,SIDER+PubChem,5280363,CID100000160,24
DRUG_05280363,Prostaglandin,CCCCC[C@@H](/C=C/[C@H]1[C@@H](C[C@@H]([C@@H]1C/C=C\CCCC(=O)O)O)O)O,Premature Rupture Of Membranes,C0015944,unknown,SIDER+PubChem,5280363,CID100000160,24
DRUG_05280363,Prostaglandin,CCCCC[C@@H](/C=C/[C@H]1[C@@H](C[C@@H]([C@@H]1C/C=C\CCCC(=O)O)O)O)O,Body Temperature Increased,C0015967,common,SIDER+PubChem,5280363,CID100000160,24
DRUG_05280363,Prostaglandin,CCCCC[C@@H](/C=C/[C@H]1[C@@H](C[C@@H]([C@@H]1C/C=C\CCCC(=O)O)O)O)O,Foetal Heart Rate,C0018811,very_common,SIDER+PubChem,5280363,CID100000160,24
DRUG_05280363,Prostaglandin,CCCCC[C@@H](/C=C/[C@H]1[C@@H](C[C@@H]([C@@H]1C/C=C\CCCC(=O)O)O)O)O,Hypersensitivity,C0020517,unknown,SIDER+PubChem,5280363,CID100000160,24
DRUG_05280363,Prostaglandin,CCCCC[C@@H](/C=C/[C@H]1[C@@H](C[C@@H]([C@@H]1C/C=C\CCCC(=O)O)O)O)O,Hypotension,C0020649,unknown,SIDER+PubChem,5280363,CID100000160,24
DRUG_05280363,Prostaglandin,CCCCC[C@@H](/C=C/[C@H]1[C@@H](C[C@@H]([C@@H]1C/C=C\CCCC(=O)O)O)O)O,Immune System Disorder,C0021053,unknown,SIDER+PubChem,5280363,CID100000160,24
DRUG_05280363,Prostaglandin,CCCCC[C@@H](/C=C/[C@H]1[C@@H](C[C@@H]([C@@H]1C/C=C\CCCC(=O)O)O)O)O,Nausea,C0027497,unknown,SIDER+PubChem,5280363,CID100000160,24
DRUG_05280363,Prostaglandin,CCCCC[C@@H](/C=C/[C@H]1[C@@H](C[C@@H]([C@@H]1C/C=C\CCCC(=O)O)O)O)O,Pregnancy,C0032961,unknown,SIDER+PubChem,5280363,CID100000160,24
DRUG_05280363,Prostaglandin,CCCCC[C@@H](/C=C/[C@H]1[C@@H](C[C@@H]([C@@H]1C/C=C\CCCC(=O)O)O)O)O,Uterine Rupture,C0042143,unknown,SIDER+PubChem,5280363,CID100000160,24
DRUG_05280363,Prostaglandin,CCCCC[C@@H](/C=C/[C@H]1[C@@H](C[C@@H]([C@@H]1C/C=C\CCCC(=O)O)O)O)O,Angiopathy,C0042373,unknown,SIDER+PubChem,5280363,CID100000160,24
DRUG_05280363,Prostaglandin,CCCCC[C@@H](/C=C/[C@H]1[C@@H](C[C@@H]([C@@H]1C/C=C\CCCC(=O)O)O)O)O,Vomiting,C0042963,unknown,SIDER+PubChem,5280363,CID100000160,24
DRUG_05280363,Prostaglandin,CCCCC[C@@H](/C=C/[C@H]1[C@@H](C[C@@H]([C@@H]1C/C=C\CCCC(=O)O)O)O)O,Sepsis,C0243026,unknown,SIDER+PubChem,5280363,CID100000160,24
DRUG_05280363,Prostaglandin,CCCCC[C@@H](/C=C/[C@H]1[C@@H](C[C@@H]([C@@H]1C/C=C\CCCC(=O)O)O)O)O,Uterine Hypertonus,C0269842,common,SIDER+PubChem,5280363,CID100000160,24
DRUG_05280363,Prostaglandin,CCCCC[C@@H](/C=C/[C@H]1[C@@H](C[C@@H]([C@@H]1C/C=C\CCCC(=O)O)O)O)O,Death Neonatal,C0410916,unknown,SIDER+PubChem,5280363,CID100000160,24
DRUG_05280363,Prostaglandin,CCCCC[C@@H](/C=C/[C@H]1[C@@H](C[C@@H]([C@@H]1C/C=C\CCCC(=O)O)O)O)O,Foetal Acidosis,C0410959,unknown,SIDER+PubChem,5280363,CID100000160,24
DRUG_05280363,Prostaglandin,CCCCC[C@@H](/C=C/[C@H]1[C@@H](C[C@@H]([C@@H]1C/C=C\CCCC(=O)O)O)O)O,Bradycardia,C0428977,common,SIDER+PubChem,5280363,CID100000160,24
DRUG_00000175,Acetate,CC(=O)[O-],Acidosis,C0001122,unknown,SIDER+PubChem,175,CID100000175,4
DRUG_00000175,Acetate,CC(=O)[O-],Haematuria,C0018965,unknown,SIDER+PubChem,175,CID100000175,4
DRUG_00000175,Acetate,CC(=O)[O-],Hypernatraemia,C0020488,unknown,SIDER+PubChem,175,CID100000175,4
DRUG_00000175,Acetate,CC(=O)[O-],Pain,C0030193,unknown,SIDER+PubChem,175,CID100000175,4
DRUG_00000187,Acetylcholine,CC(=O)OCC[N+](C)(C)C,Corneal Oedema,C0010037,unknown,SIDER+PubChem,187,CID100000187,8
DRUG_00000187,Acetylcholine,CC(=O)OCC[N+](C)(C)C,Corneal Opacity,C0010038,unknown,SIDER+PubChem,187,CID100000187,8
DRUG_00000187,Acetylcholine,CC(=O)OCC[N+](C)(C)C,Dyspnoea,C0013404,unknown,SIDER+PubChem,187,CID100000187,8
DRUG_00000187,Acetylcholine,CC(=O)OCC[N+](C)(C)C,Flushing,C0016382,unknown,SIDER+PubChem,187,CID100000187,8
DRUG_00000187,Acetylcholine,CC(=O)OCC[N+](C)(C)C,Hypotension,C0020649,unknown,SIDER+PubChem,187,CID100000187,8
DRUG_00000187,Acetylcholine,CC(=O)OCC[N+](C)(C)C,Hyperhidrosis,C0020458,unknown,SIDER+PubChem,187,CID100000187,8
DRUG_00000187,Acetylcholine,CC(=O)OCC[N+](C)(C)C,Bradycardia,C0428977,unknown,SIDER+PubChem,187,CID100000187,8
DRUG_00000187,Acetylcholine,CC(=O)OCC[N+](C)(C)C,Corneal Decompensation,C0948284,unknown,SIDER+PubChem,187,CID100000187,8
DRUG_00060961,Adenosine,C1=NC(=C2C(=N1)N(C=N2)[C@H]3[C@@H]([C@@H]([C@H](O3)CO)O)O)N,Anaphylactic Shock,C0002792,postmarketing,SIDER+PubChem,60961,CID100000191,92
DRUG_00060961,Adenosine,C1=NC(=C2C(=N1)N(C=N2)[C@H]3[C@@H]([C@@H]([C@H](O3)CO)O)O)N,Angioedema,C0002994,postmarketing,SIDER+PubChem,60961,CID100000191,92
